Copyright 1986-2018 Xilinx, Inc. All Rights Reserved.
--------------------------------------------------------------------------------------------------------------------------------------------------------------------------------
| Tool Version : Vivado v.2018.2 (win64) Build 2258646 Thu Jun 14 20:03:12 MDT 2018
| Date         : Fri Mar 13 02:25:16 2026
| Host         : DESKTOP-LD9ABFH running 64-bit major release  (build 9200)
| Command      : report_timing_summary -max_paths 10 -file DSP_timing_summary_routed.rpt -pb DSP_timing_summary_routed.pb -rpx DSP_timing_summary_routed.rpx -warn_on_violation
| Design       : DSP
| Device       : 7a200t-ffg1156
| Speed File   : -3  PRODUCTION 1.22 2018-03-21
--------------------------------------------------------------------------------------------------------------------------------------------------------------------------------

Timing Summary Report

------------------------------------------------------------------------------------------------
| Timer Settings
| --------------
------------------------------------------------------------------------------------------------

  Enable Multi Corner Analysis               :  Yes
  Enable Pessimism Removal                   :  Yes
  Pessimism Removal Resolution               :  Nearest Common Node
  Enable Input Delay Default Clock           :  No
  Enable Preset / Clear Arcs                 :  No
  Disable Flight Delays                      :  No
  Ignore I/O Paths                           :  No
  Timing Early Launch at Borrowing Latches   :  false

  Corner  Analyze    Analyze    
  Name    Max Paths  Min Paths  
  ------  ---------  ---------  
  Slow    Yes        Yes        
  Fast    Yes        Yes        



check_timing report

Table of Contents
-----------------
1. checking no_clock
2. checking constant_clock
3. checking pulse_width_clock
4. checking unconstrained_internal_endpoints
5. checking no_input_delay
6. checking no_output_delay
7. checking multiple_clock
8. checking generated_clocks
9. checking loops
10. checking partial_input_delay
11. checking partial_output_delay
12. checking latch_loops

1. checking no_clock
--------------------
 There are 0 register/latch pins with no clock.


2. checking constant_clock
--------------------------
 There are 0 register/latch pins with constant_clock.


3. checking pulse_width_clock
-----------------------------
 There are 0 register/latch pins which need pulse_width check


4. checking unconstrained_internal_endpoints
--------------------------------------------
 There are 0 pins that are not constrained for maximum delay.

 There are 0 pins that are not constrained for maximum delay due to constant clock.


5. checking no_input_delay
--------------------------
 There are 174 input ports with no input delay specified. (HIGH)

 There are 0 input ports with no input delay but user has a false path constraint.


6. checking no_output_delay
---------------------------
 There are 152 ports with no output delay specified. (HIGH)

 There are 0 ports with no output delay but user has a false path constraint

 There are 0 ports with no output delay but with a timing clock defined on it or propagating through it


7. checking multiple_clock
--------------------------
 There are 0 register/latch pins with multiple clocks.


8. checking generated_clocks
----------------------------
 There are 0 generated clocks that are not connected to a clock source.


9. checking loops
-----------------
 There are 0 combinational loops in the design.


10. checking partial_input_delay
--------------------------------
 There are 0 input ports with partial input delay specified.


11. checking partial_output_delay
---------------------------------
 There are 0 ports with partial output delay specified.


12. checking latch_loops
------------------------
 There are 0 combinational latch loops in the design through latch input



------------------------------------------------------------------------------------------------
| Design Timing Summary
| ---------------------
------------------------------------------------------------------------------------------------

    WNS(ns)      TNS(ns)  TNS Failing Endpoints  TNS Total Endpoints      WHS(ns)      THS(ns)  THS Failing Endpoints  THS Total Endpoints     WPWS(ns)     TPWS(ns)  TPWS Failing Endpoints  TPWS Total Endpoints  
    -------      -------  ---------------------  -------------------      -------      -------  ---------------------  -------------------     --------     --------  ----------------------  --------------------  
      4.536        0.000                      0                  105        0.261        0.000                      0                  105        4.500        0.000                       0                   180  


All user specified timing constraints are met.


------------------------------------------------------------------------------------------------
| Clock Summary
| -------------
------------------------------------------------------------------------------------------------

Clock        Waveform(ns)       Period(ns)      Frequency(MHz)
-----        ------------       ----------      --------------
sys_clk_pin  {0.000 5.000}      10.000          100.000         


------------------------------------------------------------------------------------------------
| Intra Clock Table
| -----------------
------------------------------------------------------------------------------------------------

Clock             WNS(ns)      TNS(ns)  TNS Failing Endpoints  TNS Total Endpoints      WHS(ns)      THS(ns)  THS Failing Endpoints  THS Total Endpoints     WPWS(ns)     TPWS(ns)  TPWS Failing Endpoints  TPWS Total Endpoints  
-----             -------      -------  ---------------------  -------------------      -------      -------  ---------------------  -------------------     --------     --------  ----------------------  --------------------  
sys_clk_pin         4.536        0.000                      0                  105        0.261        0.000                      0                  105        4.500        0.000                       0                   180  


------------------------------------------------------------------------------------------------
| Inter Clock Table
| -----------------
------------------------------------------------------------------------------------------------

From Clock    To Clock          WNS(ns)      TNS(ns)  TNS Failing Endpoints  TNS Total Endpoints      WHS(ns)      THS(ns)  THS Failing Endpoints  THS Total Endpoints  
----------    --------          -------      -------  ---------------------  -------------------      -------      -------  ---------------------  -------------------  


------------------------------------------------------------------------------------------------
| Other Path Groups Table
| -----------------------
------------------------------------------------------------------------------------------------

Path Group    From Clock    To Clock          WNS(ns)      TNS(ns)  TNS Failing Endpoints  TNS Total Endpoints      WHS(ns)      THS(ns)  THS Failing Endpoints  THS Total Endpoints  
----------    ----------    --------          -------      -------  ---------------------  -------------------      -------      -------  ---------------------  -------------------  


------------------------------------------------------------------------------------------------
| Timing Details
| --------------
------------------------------------------------------------------------------------------------


---------------------------------------------------------------------------------------------------
From Clock:  sys_clk_pin
  To Clock:  sys_clk_pin

Setup :            0  Failing Endpoints,  Worst Slack        4.536ns,  Total Violation        0.000ns
Hold  :            0  Failing Endpoints,  Worst Slack        0.261ns,  Total Violation        0.000ns
PW    :            0  Failing Endpoints,  Worst Slack        4.500ns,  Total Violation        0.000ns
---------------------------------------------------------------------------------------------------


Max Delay Paths
--------------------------------------------------------------------------------------
Slack (MET) :             4.536ns  (required time - arrival time)
  Source:                 M_REG/Q_reg/CLK
                            (rising edge-triggered cell DSP48E1 clocked by sys_clk_pin  {rise@0.000ns fall@5.000ns period=10.000ns})
  Destination:            CARRYOUT_REG/Q_reg[0]/D
                            (rising edge-triggered cell FDRE clocked by sys_clk_pin  {rise@0.000ns fall@5.000ns period=10.000ns})
  Path Group:             sys_clk_pin
  Path Type:              Setup (Max at Slow Process Corner)
  Requirement:            10.000ns  (sys_clk_pin rise@10.000ns - sys_clk_pin rise@0.000ns)
  Data Path Delay:        5.458ns  (logic 2.845ns (52.124%)  route 2.613ns (47.876%))
  Logic Levels:           17  (CARRY4=14 LUT3=1 LUT4=1 LUT6=1)
  Clock Path Skew:        -0.058ns (DCD - SCD + CPR)
    Destination Clock Delay (DCD):    4.178ns = ( 14.178 - 10.000 ) 
    Source Clock Delay      (SCD):    4.451ns
    Clock Pessimism Removal (CPR):    0.215ns
  Clock Uncertainty:      0.035ns  ((TSJ^2 + TIJ^2)^1/2 + DJ) / 2 + PE
    Total System Jitter     (TSJ):    0.071ns
    Total Input Jitter      (TIJ):    0.000ns
    Discrete Jitter          (DJ):    0.000ns
    Phase Error              (PE):    0.000ns

    Location             Delay type                Incr(ns)  Path(ns)    Netlist Resource(s)
  -------------------------------------------------------------------    -------------------
                         (clock sys_clk_pin rise edge)
                                                      0.000     0.000 r  
    W5                                                0.000     0.000 r  clk (IN)
                         net (fo=0)                   0.000     0.000    clk
    W5                   IBUF (Prop_ibuf_I_O)         1.371     1.371 r  clk_IBUF_inst/O
                         net (fo=1, routed)           1.598     2.969    clk_IBUF
    BUFGCTRL_X0Y0        BUFG (Prop_bufg_I_O)         0.076     3.045 r  clk_IBUF_BUFG_inst/O
                         net (fo=179, routed)         1.406     4.451    M_REG/clk
    DSP48_X8Y76          DSP48E1                                      r  M_REG/Q_reg/CLK
  -------------------------------------------------------------------    -------------------
    DSP48_X8Y76          DSP48E1 (Prop_dsp48e1_CLK_P[0])
                                                      0.329     4.780 r  M_REG/Q_reg/P[0]
                         net (fo=2, routed)           1.304     6.084    OPMODE_REG/M[0]
    SLICE_X161Y184       LUT6 (Prop_lut6_I3_O)        0.097     6.181 r  OPMODE_REG/Q[7]_i_18/O
                         net (fo=1, routed)           0.000     6.181    OPMODE_REG/Q[7]_i_18_n_0
    SLICE_X161Y184       CARRY4 (Prop_carry4_S[0]_CO[3])
                                                      0.395     6.576 r  OPMODE_REG/Q_reg[7]_i_14/CO[3]
                         net (fo=1, routed)           0.000     6.576    OPMODE_REG/Q_reg[7]_i_14_n_0
    SLICE_X161Y185       CARRY4 (Prop_carry4_CI_O[2])
                                                      0.181     6.757 r  OPMODE_REG/Q_reg[11]_i_14/O[2]
                         net (fo=2, routed)           0.706     7.463    OPMODE_REG/post_adder_out2[6]
    SLICE_X162Y185       LUT3 (Prop_lut3_I2_O)        0.233     7.696 r  OPMODE_REG/Q[7]_i_2/O
                         net (fo=2, routed)           0.603     8.299    OPMODE_REG/Q[7]_i_2_n_0
    SLICE_X162Y185       LUT4 (Prop_lut4_I3_O)        0.239     8.538 r  OPMODE_REG/Q[7]_i_6__0/O
                         net (fo=1, routed)           0.000     8.538    OPMODE_REG/Q[7]_i_6__0_n_0
    SLICE_X162Y185       CARRY4 (Prop_carry4_S[3]_CO[3])
                                                      0.284     8.822 r  OPMODE_REG/Q_reg[7]_i_1/CO[3]
                         net (fo=1, routed)           0.000     8.822    OPMODE_REG/Q_reg[7]_i_1_n_0
    SLICE_X162Y186       CARRY4 (Prop_carry4_CI_CO[3])
                                                      0.092     8.914 r  OPMODE_REG/Q_reg[11]_i_1/CO[3]
                         net (fo=1, routed)           0.000     8.914    OPMODE_REG/Q_reg[11]_i_1_n_0
    SLICE_X162Y187       CARRY4 (Prop_carry4_CI_CO[3])
                                                      0.092     9.006 r  OPMODE_REG/Q_reg[15]_i_1/CO[3]
                         net (fo=1, routed)           0.000     9.006    OPMODE_REG/Q_reg[15]_i_1_n_0
    SLICE_X162Y188       CARRY4 (Prop_carry4_CI_CO[3])
                                                      0.092     9.098 r  OPMODE_REG/Q_reg[19]_i_1/CO[3]
                         net (fo=1, routed)           0.000     9.098    OPMODE_REG/Q_reg[19]_i_1_n_0
    SLICE_X162Y189       CARRY4 (Prop_carry4_CI_CO[3])
                                                      0.092     9.190 r  OPMODE_REG/Q_reg[23]_i_1/CO[3]
                         net (fo=1, routed)           0.000     9.190    OPMODE_REG/Q_reg[23]_i_1_n_0
    SLICE_X162Y190       CARRY4 (Prop_carry4_CI_CO[3])
                                                      0.092     9.282 r  OPMODE_REG/Q_reg[27]_i_1/CO[3]
                         net (fo=1, routed)           0.000     9.282    OPMODE_REG/Q_reg[27]_i_1_n_0
    SLICE_X162Y191       CARRY4 (Prop_carry4_CI_CO[3])
                                                      0.092     9.374 r  OPMODE_REG/Q_reg[31]_i_1/CO[3]
                         net (fo=1, routed)           0.000     9.374    OPMODE_REG/Q_reg[31]_i_1_n_0
    SLICE_X162Y192       CARRY4 (Prop_carry4_CI_CO[3])
                                                      0.092     9.466 r  OPMODE_REG/Q_reg[35]_i_1/CO[3]
                         net (fo=1, routed)           0.000     9.466    OPMODE_REG/Q_reg[35]_i_1_n_0
    SLICE_X162Y193       CARRY4 (Prop_carry4_CI_CO[3])
                                                      0.092     9.558 r  OPMODE_REG/Q_reg[39]_i_1/CO[3]
                         net (fo=1, routed)           0.000     9.558    OPMODE_REG/Q_reg[39]_i_1_n_0
    SLICE_X162Y194       CARRY4 (Prop_carry4_CI_CO[3])
                                                      0.092     9.650 r  OPMODE_REG/Q_reg[43]_i_1/CO[3]
                         net (fo=1, routed)           0.000     9.650    OPMODE_REG/Q_reg[43]_i_1_n_0
    SLICE_X162Y195       CARRY4 (Prop_carry4_CI_CO[3])
                                                      0.092     9.742 r  OPMODE_REG/Q_reg[47]_i_1/CO[3]
                         net (fo=1, routed)           0.000     9.742    OPMODE_REG/Q_reg[47]_i_1_n_0
    SLICE_X162Y196       CARRY4 (Prop_carry4_CI_O[0])
                                                      0.167     9.909 r  OPMODE_REG/CARRYOUTF_OBUF_inst_i_1/O[0]
                         net (fo=2, routed)           0.000     9.909    CARRYOUT_REG/CARRYOUTF
    SLICE_X162Y196       FDRE                                         r  CARRYOUT_REG/Q_reg[0]/D
  -------------------------------------------------------------------    -------------------

                         (clock sys_clk_pin rise edge)
                                                     10.000    10.000 r  
    W5                                                0.000    10.000 r  clk (IN)
                         net (fo=0)                   0.000    10.000    clk
    W5                   IBUF (Prop_ibuf_I_O)         1.304    11.304 r  clk_IBUF_inst/O
                         net (fo=1, routed)           1.514    12.817    clk_IBUF
    BUFGCTRL_X0Y0        BUFG (Prop_bufg_I_O)         0.072    12.889 r  clk_IBUF_BUFG_inst/O
                         net (fo=179, routed)         1.288    14.178    CARRYOUT_REG/clk
    SLICE_X162Y196       FDRE                                         r  CARRYOUT_REG/Q_reg[0]/C
                         clock pessimism              0.215    14.393    
                         clock uncertainty           -0.035    14.358    
    SLICE_X162Y196       FDRE (Setup_fdre_C_D)        0.087    14.445    CARRYOUT_REG/Q_reg[0]
  -------------------------------------------------------------------
                         required time                         14.445    
                         arrival time                          -9.909    
  -------------------------------------------------------------------
                         slack                                  4.536    

Slack (MET) :             4.565ns  (required time - arrival time)
  Source:                 M_REG/Q_reg/CLK
                            (rising edge-triggered cell DSP48E1 clocked by sys_clk_pin  {rise@0.000ns fall@5.000ns period=10.000ns})
  Destination:            P_REG/Q_reg[47]/D
                            (rising edge-triggered cell FDRE clocked by sys_clk_pin  {rise@0.000ns fall@5.000ns period=10.000ns})
  Path Group:             sys_clk_pin
  Path Type:              Setup (Max at Slow Process Corner)
  Requirement:            10.000ns  (sys_clk_pin rise@10.000ns - sys_clk_pin rise@0.000ns)
  Data Path Delay:        5.436ns  (logic 2.823ns (51.930%)  route 2.613ns (48.070%))
  Logic Levels:           16  (CARRY4=13 LUT3=1 LUT4=1 LUT6=1)
  Clock Path Skew:        -0.058ns (DCD - SCD + CPR)
    Destination Clock Delay (DCD):    4.178ns = ( 14.178 - 10.000 ) 
    Source Clock Delay      (SCD):    4.451ns
    Clock Pessimism Removal (CPR):    0.215ns
  Clock Uncertainty:      0.035ns  ((TSJ^2 + TIJ^2)^1/2 + DJ) / 2 + PE
    Total System Jitter     (TSJ):    0.071ns
    Total Input Jitter      (TIJ):    0.000ns
    Discrete Jitter          (DJ):    0.000ns
    Phase Error              (PE):    0.000ns

    Location             Delay type                Incr(ns)  Path(ns)    Netlist Resource(s)
  -------------------------------------------------------------------    -------------------
                         (clock sys_clk_pin rise edge)
                                                      0.000     0.000 r  
    W5                                                0.000     0.000 r  clk (IN)
                         net (fo=0)                   0.000     0.000    clk
    W5                   IBUF (Prop_ibuf_I_O)         1.371     1.371 r  clk_IBUF_inst/O
                         net (fo=1, routed)           1.598     2.969    clk_IBUF
    BUFGCTRL_X0Y0        BUFG (Prop_bufg_I_O)         0.076     3.045 r  clk_IBUF_BUFG_inst/O
                         net (fo=179, routed)         1.406     4.451    M_REG/clk
    DSP48_X8Y76          DSP48E1                                      r  M_REG/Q_reg/CLK
  -------------------------------------------------------------------    -------------------
    DSP48_X8Y76          DSP48E1 (Prop_dsp48e1_CLK_P[0])
                                                      0.329     4.780 r  M_REG/Q_reg/P[0]
                         net (fo=2, routed)           1.304     6.084    OPMODE_REG/M[0]
    SLICE_X161Y184       LUT6 (Prop_lut6_I3_O)        0.097     6.181 r  OPMODE_REG/Q[7]_i_18/O
                         net (fo=1, routed)           0.000     6.181    OPMODE_REG/Q[7]_i_18_n_0
    SLICE_X161Y184       CARRY4 (Prop_carry4_S[0]_CO[3])
                                                      0.395     6.576 r  OPMODE_REG/Q_reg[7]_i_14/CO[3]
                         net (fo=1, routed)           0.000     6.576    OPMODE_REG/Q_reg[7]_i_14_n_0
    SLICE_X161Y185       CARRY4 (Prop_carry4_CI_O[2])
                                                      0.181     6.757 r  OPMODE_REG/Q_reg[11]_i_14/O[2]
                         net (fo=2, routed)           0.706     7.463    OPMODE_REG/post_adder_out2[6]
    SLICE_X162Y185       LUT3 (Prop_lut3_I2_O)        0.233     7.696 r  OPMODE_REG/Q[7]_i_2/O
                         net (fo=2, routed)           0.603     8.299    OPMODE_REG/Q[7]_i_2_n_0
    SLICE_X162Y185       LUT4 (Prop_lut4_I3_O)        0.239     8.538 r  OPMODE_REG/Q[7]_i_6__0/O
                         net (fo=1, routed)           0.000     8.538    OPMODE_REG/Q[7]_i_6__0_n_0
    SLICE_X162Y185       CARRY4 (Prop_carry4_S[3]_CO[3])
                                                      0.284     8.822 r  OPMODE_REG/Q_reg[7]_i_1/CO[3]
                         net (fo=1, routed)           0.000     8.822    OPMODE_REG/Q_reg[7]_i_1_n_0
    SLICE_X162Y186       CARRY4 (Prop_carry4_CI_CO[3])
                                                      0.092     8.914 r  OPMODE_REG/Q_reg[11]_i_1/CO[3]
                         net (fo=1, routed)           0.000     8.914    OPMODE_REG/Q_reg[11]_i_1_n_0
    SLICE_X162Y187       CARRY4 (Prop_carry4_CI_CO[3])
                                                      0.092     9.006 r  OPMODE_REG/Q_reg[15]_i_1/CO[3]
                         net (fo=1, routed)           0.000     9.006    OPMODE_REG/Q_reg[15]_i_1_n_0
    SLICE_X162Y188       CARRY4 (Prop_carry4_CI_CO[3])
                                                      0.092     9.098 r  OPMODE_REG/Q_reg[19]_i_1/CO[3]
                         net (fo=1, routed)           0.000     9.098    OPMODE_REG/Q_reg[19]_i_1_n_0
    SLICE_X162Y189       CARRY4 (Prop_carry4_CI_CO[3])
                                                      0.092     9.190 r  OPMODE_REG/Q_reg[23]_i_1/CO[3]
                         net (fo=1, routed)           0.000     9.190    OPMODE_REG/Q_reg[23]_i_1_n_0
    SLICE_X162Y190       CARRY4 (Prop_carry4_CI_CO[3])
                                                      0.092     9.282 r  OPMODE_REG/Q_reg[27]_i_1/CO[3]
                         net (fo=1, routed)           0.000     9.282    OPMODE_REG/Q_reg[27]_i_1_n_0
    SLICE_X162Y191       CARRY4 (Prop_carry4_CI_CO[3])
                                                      0.092     9.374 r  OPMODE_REG/Q_reg[31]_i_1/CO[3]
                         net (fo=1, routed)           0.000     9.374    OPMODE_REG/Q_reg[31]_i_1_n_0
    SLICE_X162Y192       CARRY4 (Prop_carry4_CI_CO[3])
                                                      0.092     9.466 r  OPMODE_REG/Q_reg[35]_i_1/CO[3]
                         net (fo=1, routed)           0.000     9.466    OPMODE_REG/Q_reg[35]_i_1_n_0
    SLICE_X162Y193       CARRY4 (Prop_carry4_CI_CO[3])
                                                      0.092     9.558 r  OPMODE_REG/Q_reg[39]_i_1/CO[3]
                         net (fo=1, routed)           0.000     9.558    OPMODE_REG/Q_reg[39]_i_1_n_0
    SLICE_X162Y194       CARRY4 (Prop_carry4_CI_CO[3])
                                                      0.092     9.650 r  OPMODE_REG/Q_reg[43]_i_1/CO[3]
                         net (fo=1, routed)           0.000     9.650    OPMODE_REG/Q_reg[43]_i_1_n_0
    SLICE_X162Y195       CARRY4 (Prop_carry4_CI_O[3])
                                                      0.237     9.887 r  OPMODE_REG/Q_reg[47]_i_1/O[3]
                         net (fo=1, routed)           0.000     9.887    P_REG/D[47]
    SLICE_X162Y195       FDRE                                         r  P_REG/Q_reg[47]/D
  -------------------------------------------------------------------    -------------------

                         (clock sys_clk_pin rise edge)
                                                     10.000    10.000 r  
    W5                                                0.000    10.000 r  clk (IN)
                         net (fo=0)                   0.000    10.000    clk
    W5                   IBUF (Prop_ibuf_I_O)         1.304    11.304 r  clk_IBUF_inst/O
                         net (fo=1, routed)           1.514    12.817    clk_IBUF
    BUFGCTRL_X0Y0        BUFG (Prop_bufg_I_O)         0.072    12.889 r  clk_IBUF_BUFG_inst/O
                         net (fo=179, routed)         1.288    14.178    P_REG/clk
    SLICE_X162Y195       FDRE                                         r  P_REG/Q_reg[47]/C
                         clock pessimism              0.215    14.393    
                         clock uncertainty           -0.035    14.358    
    SLICE_X162Y195       FDRE (Setup_fdre_C_D)        0.094    14.452    P_REG/Q_reg[47]
  -------------------------------------------------------------------
                         required time                         14.452    
                         arrival time                          -9.887    
  -------------------------------------------------------------------
                         slack                                  4.565    

Slack (MET) :             4.579ns  (required time - arrival time)
  Source:                 M_REG/Q_reg/CLK
                            (rising edge-triggered cell DSP48E1 clocked by sys_clk_pin  {rise@0.000ns fall@5.000ns period=10.000ns})
  Destination:            P_REG/Q_reg[45]/D
                            (rising edge-triggered cell FDRE clocked by sys_clk_pin  {rise@0.000ns fall@5.000ns period=10.000ns})
  Path Group:             sys_clk_pin
  Path Type:              Setup (Max at Slow Process Corner)
  Requirement:            10.000ns  (sys_clk_pin rise@10.000ns - sys_clk_pin rise@0.000ns)
  Data Path Delay:        5.422ns  (logic 2.809ns (51.806%)  route 2.613ns (48.194%))
  Logic Levels:           16  (CARRY4=13 LUT3=1 LUT4=1 LUT6=1)
  Clock Path Skew:        -0.058ns (DCD - SCD + CPR)
    Destination Clock Delay (DCD):    4.178ns = ( 14.178 - 10.000 ) 
    Source Clock Delay      (SCD):    4.451ns
    Clock Pessimism Removal (CPR):    0.215ns
  Clock Uncertainty:      0.035ns  ((TSJ^2 + TIJ^2)^1/2 + DJ) / 2 + PE
    Total System Jitter     (TSJ):    0.071ns
    Total Input Jitter      (TIJ):    0.000ns
    Discrete Jitter          (DJ):    0.000ns
    Phase Error              (PE):    0.000ns

    Location             Delay type                Incr(ns)  Path(ns)    Netlist Resource(s)
  -------------------------------------------------------------------    -------------------
                         (clock sys_clk_pin rise edge)
                                                      0.000     0.000 r  
    W5                                                0.000     0.000 r  clk (IN)
                         net (fo=0)                   0.000     0.000    clk
    W5                   IBUF (Prop_ibuf_I_O)         1.371     1.371 r  clk_IBUF_inst/O
                         net (fo=1, routed)           1.598     2.969    clk_IBUF
    BUFGCTRL_X0Y0        BUFG (Prop_bufg_I_O)         0.076     3.045 r  clk_IBUF_BUFG_inst/O
                         net (fo=179, routed)         1.406     4.451    M_REG/clk
    DSP48_X8Y76          DSP48E1                                      r  M_REG/Q_reg/CLK
  -------------------------------------------------------------------    -------------------
    DSP48_X8Y76          DSP48E1 (Prop_dsp48e1_CLK_P[0])
                                                      0.329     4.780 r  M_REG/Q_reg/P[0]
                         net (fo=2, routed)           1.304     6.084    OPMODE_REG/M[0]
    SLICE_X161Y184       LUT6 (Prop_lut6_I3_O)        0.097     6.181 r  OPMODE_REG/Q[7]_i_18/O
                         net (fo=1, routed)           0.000     6.181    OPMODE_REG/Q[7]_i_18_n_0
    SLICE_X161Y184       CARRY4 (Prop_carry4_S[0]_CO[3])
                                                      0.395     6.576 r  OPMODE_REG/Q_reg[7]_i_14/CO[3]
                         net (fo=1, routed)           0.000     6.576    OPMODE_REG/Q_reg[7]_i_14_n_0
    SLICE_X161Y185       CARRY4 (Prop_carry4_CI_O[2])
                                                      0.181     6.757 r  OPMODE_REG/Q_reg[11]_i_14/O[2]
                         net (fo=2, routed)           0.706     7.463    OPMODE_REG/post_adder_out2[6]
    SLICE_X162Y185       LUT3 (Prop_lut3_I2_O)        0.233     7.696 r  OPMODE_REG/Q[7]_i_2/O
                         net (fo=2, routed)           0.603     8.299    OPMODE_REG/Q[7]_i_2_n_0
    SLICE_X162Y185       LUT4 (Prop_lut4_I3_O)        0.239     8.538 r  OPMODE_REG/Q[7]_i_6__0/O
                         net (fo=1, routed)           0.000     8.538    OPMODE_REG/Q[7]_i_6__0_n_0
    SLICE_X162Y185       CARRY4 (Prop_carry4_S[3]_CO[3])
                                                      0.284     8.822 r  OPMODE_REG/Q_reg[7]_i_1/CO[3]
                         net (fo=1, routed)           0.000     8.822    OPMODE_REG/Q_reg[7]_i_1_n_0
    SLICE_X162Y186       CARRY4 (Prop_carry4_CI_CO[3])
                                                      0.092     8.914 r  OPMODE_REG/Q_reg[11]_i_1/CO[3]
                         net (fo=1, routed)           0.000     8.914    OPMODE_REG/Q_reg[11]_i_1_n_0
    SLICE_X162Y187       CARRY4 (Prop_carry4_CI_CO[3])
                                                      0.092     9.006 r  OPMODE_REG/Q_reg[15]_i_1/CO[3]
                         net (fo=1, routed)           0.000     9.006    OPMODE_REG/Q_reg[15]_i_1_n_0
    SLICE_X162Y188       CARRY4 (Prop_carry4_CI_CO[3])
                                                      0.092     9.098 r  OPMODE_REG/Q_reg[19]_i_1/CO[3]
                         net (fo=1, routed)           0.000     9.098    OPMODE_REG/Q_reg[19]_i_1_n_0
    SLICE_X162Y189       CARRY4 (Prop_carry4_CI_CO[3])
                                                      0.092     9.190 r  OPMODE_REG/Q_reg[23]_i_1/CO[3]
                         net (fo=1, routed)           0.000     9.190    OPMODE_REG/Q_reg[23]_i_1_n_0
    SLICE_X162Y190       CARRY4 (Prop_carry4_CI_CO[3])
                                                      0.092     9.282 r  OPMODE_REG/Q_reg[27]_i_1/CO[3]
                         net (fo=1, routed)           0.000     9.282    OPMODE_REG/Q_reg[27]_i_1_n_0
    SLICE_X162Y191       CARRY4 (Prop_carry4_CI_CO[3])
                                                      0.092     9.374 r  OPMODE_REG/Q_reg[31]_i_1/CO[3]
                         net (fo=1, routed)           0.000     9.374    OPMODE_REG/Q_reg[31]_i_1_n_0
    SLICE_X162Y192       CARRY4 (Prop_carry4_CI_CO[3])
                                                      0.092     9.466 r  OPMODE_REG/Q_reg[35]_i_1/CO[3]
                         net (fo=1, routed)           0.000     9.466    OPMODE_REG/Q_reg[35]_i_1_n_0
    SLICE_X162Y193       CARRY4 (Prop_carry4_CI_CO[3])
                                                      0.092     9.558 r  OPMODE_REG/Q_reg[39]_i_1/CO[3]
                         net (fo=1, routed)           0.000     9.558    OPMODE_REG/Q_reg[39]_i_1_n_0
    SLICE_X162Y194       CARRY4 (Prop_carry4_CI_CO[3])
                                                      0.092     9.650 r  OPMODE_REG/Q_reg[43]_i_1/CO[3]
                         net (fo=1, routed)           0.000     9.650    OPMODE_REG/Q_reg[43]_i_1_n_0
    SLICE_X162Y195       CARRY4 (Prop_carry4_CI_O[1])
                                                      0.223     9.873 r  OPMODE_REG/Q_reg[47]_i_1/O[1]
                         net (fo=1, routed)           0.000     9.873    P_REG/D[45]
    SLICE_X162Y195       FDRE                                         r  P_REG/Q_reg[45]/D
  -------------------------------------------------------------------    -------------------

                         (clock sys_clk_pin rise edge)
                                                     10.000    10.000 r  
    W5                                                0.000    10.000 r  clk (IN)
                         net (fo=0)                   0.000    10.000    clk
    W5                   IBUF (Prop_ibuf_I_O)         1.304    11.304 r  clk_IBUF_inst/O
                         net (fo=1, routed)           1.514    12.817    clk_IBUF
    BUFGCTRL_X0Y0        BUFG (Prop_bufg_I_O)         0.072    12.889 r  clk_IBUF_BUFG_inst/O
                         net (fo=179, routed)         1.288    14.178    P_REG/clk
    SLICE_X162Y195       FDRE                                         r  P_REG/Q_reg[45]/C
                         clock pessimism              0.215    14.393    
                         clock uncertainty           -0.035    14.358    
    SLICE_X162Y195       FDRE (Setup_fdre_C_D)        0.094    14.452    P_REG/Q_reg[45]
  -------------------------------------------------------------------
                         required time                         14.452    
                         arrival time                          -9.873    
  -------------------------------------------------------------------
                         slack                                  4.579    

Slack (MET) :             4.622ns  (required time - arrival time)
  Source:                 M_REG/Q_reg/CLK
                            (rising edge-triggered cell DSP48E1 clocked by sys_clk_pin  {rise@0.000ns fall@5.000ns period=10.000ns})
  Destination:            P_REG/Q_reg[46]/D
                            (rising edge-triggered cell FDRE clocked by sys_clk_pin  {rise@0.000ns fall@5.000ns period=10.000ns})
  Path Group:             sys_clk_pin
  Path Type:              Setup (Max at Slow Process Corner)
  Requirement:            10.000ns  (sys_clk_pin rise@10.000ns - sys_clk_pin rise@0.000ns)
  Data Path Delay:        5.379ns  (logic 2.766ns (51.421%)  route 2.613ns (48.579%))
  Logic Levels:           16  (CARRY4=13 LUT3=1 LUT4=1 LUT6=1)
  Clock Path Skew:        -0.058ns (DCD - SCD + CPR)
    Destination Clock Delay (DCD):    4.178ns = ( 14.178 - 10.000 ) 
    Source Clock Delay      (SCD):    4.451ns
    Clock Pessimism Removal (CPR):    0.215ns
  Clock Uncertainty:      0.035ns  ((TSJ^2 + TIJ^2)^1/2 + DJ) / 2 + PE
    Total System Jitter     (TSJ):    0.071ns
    Total Input Jitter      (TIJ):    0.000ns
    Discrete Jitter          (DJ):    0.000ns
    Phase Error              (PE):    0.000ns

    Location             Delay type                Incr(ns)  Path(ns)    Netlist Resource(s)
  -------------------------------------------------------------------    -------------------
                         (clock sys_clk_pin rise edge)
                                                      0.000     0.000 r  
    W5                                                0.000     0.000 r  clk (IN)
                         net (fo=0)                   0.000     0.000    clk
    W5                   IBUF (Prop_ibuf_I_O)         1.371     1.371 r  clk_IBUF_inst/O
                         net (fo=1, routed)           1.598     2.969    clk_IBUF
    BUFGCTRL_X0Y0        BUFG (Prop_bufg_I_O)         0.076     3.045 r  clk_IBUF_BUFG_inst/O
                         net (fo=179, routed)         1.406     4.451    M_REG/clk
    DSP48_X8Y76          DSP48E1                                      r  M_REG/Q_reg/CLK
  -------------------------------------------------------------------    -------------------
    DSP48_X8Y76          DSP48E1 (Prop_dsp48e1_CLK_P[0])
                                                      0.329     4.780 r  M_REG/Q_reg/P[0]
                         net (fo=2, routed)           1.304     6.084    OPMODE_REG/M[0]
    SLICE_X161Y184       LUT6 (Prop_lut6_I3_O)        0.097     6.181 r  OPMODE_REG/Q[7]_i_18/O
                         net (fo=1, routed)           0.000     6.181    OPMODE_REG/Q[7]_i_18_n_0
    SLICE_X161Y184       CARRY4 (Prop_carry4_S[0]_CO[3])
                                                      0.395     6.576 r  OPMODE_REG/Q_reg[7]_i_14/CO[3]
                         net (fo=1, routed)           0.000     6.576    OPMODE_REG/Q_reg[7]_i_14_n_0
    SLICE_X161Y185       CARRY4 (Prop_carry4_CI_O[2])
                                                      0.181     6.757 r  OPMODE_REG/Q_reg[11]_i_14/O[2]
                         net (fo=2, routed)           0.706     7.463    OPMODE_REG/post_adder_out2[6]
    SLICE_X162Y185       LUT3 (Prop_lut3_I2_O)        0.233     7.696 r  OPMODE_REG/Q[7]_i_2/O
                         net (fo=2, routed)           0.603     8.299    OPMODE_REG/Q[7]_i_2_n_0
    SLICE_X162Y185       LUT4 (Prop_lut4_I3_O)        0.239     8.538 r  OPMODE_REG/Q[7]_i_6__0/O
                         net (fo=1, routed)           0.000     8.538    OPMODE_REG/Q[7]_i_6__0_n_0
    SLICE_X162Y185       CARRY4 (Prop_carry4_S[3]_CO[3])
                                                      0.284     8.822 r  OPMODE_REG/Q_reg[7]_i_1/CO[3]
                         net (fo=1, routed)           0.000     8.822    OPMODE_REG/Q_reg[7]_i_1_n_0
    SLICE_X162Y186       CARRY4 (Prop_carry4_CI_CO[3])
                                                      0.092     8.914 r  OPMODE_REG/Q_reg[11]_i_1/CO[3]
                         net (fo=1, routed)           0.000     8.914    OPMODE_REG/Q_reg[11]_i_1_n_0
    SLICE_X162Y187       CARRY4 (Prop_carry4_CI_CO[3])
                                                      0.092     9.006 r  OPMODE_REG/Q_reg[15]_i_1/CO[3]
                         net (fo=1, routed)           0.000     9.006    OPMODE_REG/Q_reg[15]_i_1_n_0
    SLICE_X162Y188       CARRY4 (Prop_carry4_CI_CO[3])
                                                      0.092     9.098 r  OPMODE_REG/Q_reg[19]_i_1/CO[3]
                         net (fo=1, routed)           0.000     9.098    OPMODE_REG/Q_reg[19]_i_1_n_0
    SLICE_X162Y189       CARRY4 (Prop_carry4_CI_CO[3])
                                                      0.092     9.190 r  OPMODE_REG/Q_reg[23]_i_1/CO[3]
                         net (fo=1, routed)           0.000     9.190    OPMODE_REG/Q_reg[23]_i_1_n_0
    SLICE_X162Y190       CARRY4 (Prop_carry4_CI_CO[3])
                                                      0.092     9.282 r  OPMODE_REG/Q_reg[27]_i_1/CO[3]
                         net (fo=1, routed)           0.000     9.282    OPMODE_REG/Q_reg[27]_i_1_n_0
    SLICE_X162Y191       CARRY4 (Prop_carry4_CI_CO[3])
                                                      0.092     9.374 r  OPMODE_REG/Q_reg[31]_i_1/CO[3]
                         net (fo=1, routed)           0.000     9.374    OPMODE_REG/Q_reg[31]_i_1_n_0
    SLICE_X162Y192       CARRY4 (Prop_carry4_CI_CO[3])
                                                      0.092     9.466 r  OPMODE_REG/Q_reg[35]_i_1/CO[3]
                         net (fo=1, routed)           0.000     9.466    OPMODE_REG/Q_reg[35]_i_1_n_0
    SLICE_X162Y193       CARRY4 (Prop_carry4_CI_CO[3])
                                                      0.092     9.558 r  OPMODE_REG/Q_reg[39]_i_1/CO[3]
                         net (fo=1, routed)           0.000     9.558    OPMODE_REG/Q_reg[39]_i_1_n_0
    SLICE_X162Y194       CARRY4 (Prop_carry4_CI_CO[3])
                                                      0.092     9.650 r  OPMODE_REG/Q_reg[43]_i_1/CO[3]
                         net (fo=1, routed)           0.000     9.650    OPMODE_REG/Q_reg[43]_i_1_n_0
    SLICE_X162Y195       CARRY4 (Prop_carry4_CI_O[2])
                                                      0.180     9.830 r  OPMODE_REG/Q_reg[47]_i_1/O[2]
                         net (fo=1, routed)           0.000     9.830    P_REG/D[46]
    SLICE_X162Y195       FDRE                                         r  P_REG/Q_reg[46]/D
  -------------------------------------------------------------------    -------------------

                         (clock sys_clk_pin rise edge)
                                                     10.000    10.000 r  
    W5                                                0.000    10.000 r  clk (IN)
                         net (fo=0)                   0.000    10.000    clk
    W5                   IBUF (Prop_ibuf_I_O)         1.304    11.304 r  clk_IBUF_inst/O
                         net (fo=1, routed)           1.514    12.817    clk_IBUF
    BUFGCTRL_X0Y0        BUFG (Prop_bufg_I_O)         0.072    12.889 r  clk_IBUF_BUFG_inst/O
                         net (fo=179, routed)         1.288    14.178    P_REG/clk
    SLICE_X162Y195       FDRE                                         r  P_REG/Q_reg[46]/C
                         clock pessimism              0.215    14.393    
                         clock uncertainty           -0.035    14.358    
    SLICE_X162Y195       FDRE (Setup_fdre_C_D)        0.094    14.452    P_REG/Q_reg[46]
  -------------------------------------------------------------------
                         required time                         14.452    
                         arrival time                          -9.830    
  -------------------------------------------------------------------
                         slack                                  4.622    

Slack (MET) :             4.645ns  (required time - arrival time)
  Source:                 M_REG/Q_reg/CLK
                            (rising edge-triggered cell DSP48E1 clocked by sys_clk_pin  {rise@0.000ns fall@5.000ns period=10.000ns})
  Destination:            P_REG/Q_reg[44]/D
                            (rising edge-triggered cell FDRE clocked by sys_clk_pin  {rise@0.000ns fall@5.000ns period=10.000ns})
  Path Group:             sys_clk_pin
  Path Type:              Setup (Max at Slow Process Corner)
  Requirement:            10.000ns  (sys_clk_pin rise@10.000ns - sys_clk_pin rise@0.000ns)
  Data Path Delay:        5.356ns  (logic 2.743ns (51.212%)  route 2.613ns (48.788%))
  Logic Levels:           16  (CARRY4=13 LUT3=1 LUT4=1 LUT6=1)
  Clock Path Skew:        -0.058ns (DCD - SCD + CPR)
    Destination Clock Delay (DCD):    4.178ns = ( 14.178 - 10.000 ) 
    Source Clock Delay      (SCD):    4.451ns
    Clock Pessimism Removal (CPR):    0.215ns
  Clock Uncertainty:      0.035ns  ((TSJ^2 + TIJ^2)^1/2 + DJ) / 2 + PE
    Total System Jitter     (TSJ):    0.071ns
    Total Input Jitter      (TIJ):    0.000ns
    Discrete Jitter          (DJ):    0.000ns
    Phase Error              (PE):    0.000ns

    Location             Delay type                Incr(ns)  Path(ns)    Netlist Resource(s)
  -------------------------------------------------------------------    -------------------
                         (clock sys_clk_pin rise edge)
                                                      0.000     0.000 r  
    W5                                                0.000     0.000 r  clk (IN)
                         net (fo=0)                   0.000     0.000    clk
    W5                   IBUF (Prop_ibuf_I_O)         1.371     1.371 r  clk_IBUF_inst/O
                         net (fo=1, routed)           1.598     2.969    clk_IBUF
    BUFGCTRL_X0Y0        BUFG (Prop_bufg_I_O)         0.076     3.045 r  clk_IBUF_BUFG_inst/O
                         net (fo=179, routed)         1.406     4.451    M_REG/clk
    DSP48_X8Y76          DSP48E1                                      r  M_REG/Q_reg/CLK
  -------------------------------------------------------------------    -------------------
    DSP48_X8Y76          DSP48E1 (Prop_dsp48e1_CLK_P[0])
                                                      0.329     4.780 r  M_REG/Q_reg/P[0]
                         net (fo=2, routed)           1.304     6.084    OPMODE_REG/M[0]
    SLICE_X161Y184       LUT6 (Prop_lut6_I3_O)        0.097     6.181 r  OPMODE_REG/Q[7]_i_18/O
                         net (fo=1, routed)           0.000     6.181    OPMODE_REG/Q[7]_i_18_n_0
    SLICE_X161Y184       CARRY4 (Prop_carry4_S[0]_CO[3])
                                                      0.395     6.576 r  OPMODE_REG/Q_reg[7]_i_14/CO[3]
                         net (fo=1, routed)           0.000     6.576    OPMODE_REG/Q_reg[7]_i_14_n_0
    SLICE_X161Y185       CARRY4 (Prop_carry4_CI_O[2])
                                                      0.181     6.757 r  OPMODE_REG/Q_reg[11]_i_14/O[2]
                         net (fo=2, routed)           0.706     7.463    OPMODE_REG/post_adder_out2[6]
    SLICE_X162Y185       LUT3 (Prop_lut3_I2_O)        0.233     7.696 r  OPMODE_REG/Q[7]_i_2/O
                         net (fo=2, routed)           0.603     8.299    OPMODE_REG/Q[7]_i_2_n_0
    SLICE_X162Y185       LUT4 (Prop_lut4_I3_O)        0.239     8.538 r  OPMODE_REG/Q[7]_i_6__0/O
                         net (fo=1, routed)           0.000     8.538    OPMODE_REG/Q[7]_i_6__0_n_0
    SLICE_X162Y185       CARRY4 (Prop_carry4_S[3]_CO[3])
                                                      0.284     8.822 r  OPMODE_REG/Q_reg[7]_i_1/CO[3]
                         net (fo=1, routed)           0.000     8.822    OPMODE_REG/Q_reg[7]_i_1_n_0
    SLICE_X162Y186       CARRY4 (Prop_carry4_CI_CO[3])
                                                      0.092     8.914 r  OPMODE_REG/Q_reg[11]_i_1/CO[3]
                         net (fo=1, routed)           0.000     8.914    OPMODE_REG/Q_reg[11]_i_1_n_0
    SLICE_X162Y187       CARRY4 (Prop_carry4_CI_CO[3])
                                                      0.092     9.006 r  OPMODE_REG/Q_reg[15]_i_1/CO[3]
                         net (fo=1, routed)           0.000     9.006    OPMODE_REG/Q_reg[15]_i_1_n_0
    SLICE_X162Y188       CARRY4 (Prop_carry4_CI_CO[3])
                                                      0.092     9.098 r  OPMODE_REG/Q_reg[19]_i_1/CO[3]
                         net (fo=1, routed)           0.000     9.098    OPMODE_REG/Q_reg[19]_i_1_n_0
    SLICE_X162Y189       CARRY4 (Prop_carry4_CI_CO[3])
                                                      0.092     9.190 r  OPMODE_REG/Q_reg[23]_i_1/CO[3]
                         net (fo=1, routed)           0.000     9.190    OPMODE_REG/Q_reg[23]_i_1_n_0
    SLICE_X162Y190       CARRY4 (Prop_carry4_CI_CO[3])
                                                      0.092     9.282 r  OPMODE_REG/Q_reg[27]_i_1/CO[3]
                         net (fo=1, routed)           0.000     9.282    OPMODE_REG/Q_reg[27]_i_1_n_0
    SLICE_X162Y191       CARRY4 (Prop_carry4_CI_CO[3])
                                                      0.092     9.374 r  OPMODE_REG/Q_reg[31]_i_1/CO[3]
                         net (fo=1, routed)           0.000     9.374    OPMODE_REG/Q_reg[31]_i_1_n_0
    SLICE_X162Y192       CARRY4 (Prop_carry4_CI_CO[3])
                                                      0.092     9.466 r  OPMODE_REG/Q_reg[35]_i_1/CO[3]
                         net (fo=1, routed)           0.000     9.466    OPMODE_REG/Q_reg[35]_i_1_n_0
    SLICE_X162Y193       CARRY4 (Prop_carry4_CI_CO[3])
                                                      0.092     9.558 r  OPMODE_REG/Q_reg[39]_i_1/CO[3]
                         net (fo=1, routed)           0.000     9.558    OPMODE_REG/Q_reg[39]_i_1_n_0
    SLICE_X162Y194       CARRY4 (Prop_carry4_CI_CO[3])
                                                      0.092     9.650 r  OPMODE_REG/Q_reg[43]_i_1/CO[3]
                         net (fo=1, routed)           0.000     9.650    OPMODE_REG/Q_reg[43]_i_1_n_0
    SLICE_X162Y195       CARRY4 (Prop_carry4_CI_O[0])
                                                      0.157     9.807 r  OPMODE_REG/Q_reg[47]_i_1/O[0]
                         net (fo=1, routed)           0.000     9.807    P_REG/D[44]
    SLICE_X162Y195       FDRE                                         r  P_REG/Q_reg[44]/D
  -------------------------------------------------------------------    -------------------

                         (clock sys_clk_pin rise edge)
                                                     10.000    10.000 r  
    W5                                                0.000    10.000 r  clk (IN)
                         net (fo=0)                   0.000    10.000    clk
    W5                   IBUF (Prop_ibuf_I_O)         1.304    11.304 r  clk_IBUF_inst/O
                         net (fo=1, routed)           1.514    12.817    clk_IBUF
    BUFGCTRL_X0Y0        BUFG (Prop_bufg_I_O)         0.072    12.889 r  clk_IBUF_BUFG_inst/O
                         net (fo=179, routed)         1.288    14.178    P_REG/clk
    SLICE_X162Y195       FDRE                                         r  P_REG/Q_reg[44]/C
                         clock pessimism              0.215    14.393    
                         clock uncertainty           -0.035    14.358    
    SLICE_X162Y195       FDRE (Setup_fdre_C_D)        0.094    14.452    P_REG/Q_reg[44]
  -------------------------------------------------------------------
                         required time                         14.452    
                         arrival time                          -9.807    
  -------------------------------------------------------------------
                         slack                                  4.645    

Slack (MET) :             4.657ns  (required time - arrival time)
  Source:                 M_REG/Q_reg/CLK
                            (rising edge-triggered cell DSP48E1 clocked by sys_clk_pin  {rise@0.000ns fall@5.000ns period=10.000ns})
  Destination:            P_REG/Q_reg[43]/D
                            (rising edge-triggered cell FDRE clocked by sys_clk_pin  {rise@0.000ns fall@5.000ns period=10.000ns})
  Path Group:             sys_clk_pin
  Path Type:              Setup (Max at Slow Process Corner)
  Requirement:            10.000ns  (sys_clk_pin rise@10.000ns - sys_clk_pin rise@0.000ns)
  Data Path Delay:        5.344ns  (logic 2.731ns (51.103%)  route 2.613ns (48.897%))
  Logic Levels:           15  (CARRY4=12 LUT3=1 LUT4=1 LUT6=1)
  Clock Path Skew:        -0.058ns (DCD - SCD + CPR)
    Destination Clock Delay (DCD):    4.178ns = ( 14.178 - 10.000 ) 
    Source Clock Delay      (SCD):    4.451ns
    Clock Pessimism Removal (CPR):    0.215ns
  Clock Uncertainty:      0.035ns  ((TSJ^2 + TIJ^2)^1/2 + DJ) / 2 + PE
    Total System Jitter     (TSJ):    0.071ns
    Total Input Jitter      (TIJ):    0.000ns
    Discrete Jitter          (DJ):    0.000ns
    Phase Error              (PE):    0.000ns

    Location             Delay type                Incr(ns)  Path(ns)    Netlist Resource(s)
  -------------------------------------------------------------------    -------------------
                         (clock sys_clk_pin rise edge)
                                                      0.000     0.000 r  
    W5                                                0.000     0.000 r  clk (IN)
                         net (fo=0)                   0.000     0.000    clk
    W5                   IBUF (Prop_ibuf_I_O)         1.371     1.371 r  clk_IBUF_inst/O
                         net (fo=1, routed)           1.598     2.969    clk_IBUF
    BUFGCTRL_X0Y0        BUFG (Prop_bufg_I_O)         0.076     3.045 r  clk_IBUF_BUFG_inst/O
                         net (fo=179, routed)         1.406     4.451    M_REG/clk
    DSP48_X8Y76          DSP48E1                                      r  M_REG/Q_reg/CLK
  -------------------------------------------------------------------    -------------------
    DSP48_X8Y76          DSP48E1 (Prop_dsp48e1_CLK_P[0])
                                                      0.329     4.780 r  M_REG/Q_reg/P[0]
                         net (fo=2, routed)           1.304     6.084    OPMODE_REG/M[0]
    SLICE_X161Y184       LUT6 (Prop_lut6_I3_O)        0.097     6.181 r  OPMODE_REG/Q[7]_i_18/O
                         net (fo=1, routed)           0.000     6.181    OPMODE_REG/Q[7]_i_18_n_0
    SLICE_X161Y184       CARRY4 (Prop_carry4_S[0]_CO[3])
                                                      0.395     6.576 r  OPMODE_REG/Q_reg[7]_i_14/CO[3]
                         net (fo=1, routed)           0.000     6.576    OPMODE_REG/Q_reg[7]_i_14_n_0
    SLICE_X161Y185       CARRY4 (Prop_carry4_CI_O[2])
                                                      0.181     6.757 r  OPMODE_REG/Q_reg[11]_i_14/O[2]
                         net (fo=2, routed)           0.706     7.463    OPMODE_REG/post_adder_out2[6]
    SLICE_X162Y185       LUT3 (Prop_lut3_I2_O)        0.233     7.696 r  OPMODE_REG/Q[7]_i_2/O
                         net (fo=2, routed)           0.603     8.299    OPMODE_REG/Q[7]_i_2_n_0
    SLICE_X162Y185       LUT4 (Prop_lut4_I3_O)        0.239     8.538 r  OPMODE_REG/Q[7]_i_6__0/O
                         net (fo=1, routed)           0.000     8.538    OPMODE_REG/Q[7]_i_6__0_n_0
    SLICE_X162Y185       CARRY4 (Prop_carry4_S[3]_CO[3])
                                                      0.284     8.822 r  OPMODE_REG/Q_reg[7]_i_1/CO[3]
                         net (fo=1, routed)           0.000     8.822    OPMODE_REG/Q_reg[7]_i_1_n_0
    SLICE_X162Y186       CARRY4 (Prop_carry4_CI_CO[3])
                                                      0.092     8.914 r  OPMODE_REG/Q_reg[11]_i_1/CO[3]
                         net (fo=1, routed)           0.000     8.914    OPMODE_REG/Q_reg[11]_i_1_n_0
    SLICE_X162Y187       CARRY4 (Prop_carry4_CI_CO[3])
                                                      0.092     9.006 r  OPMODE_REG/Q_reg[15]_i_1/CO[3]
                         net (fo=1, routed)           0.000     9.006    OPMODE_REG/Q_reg[15]_i_1_n_0
    SLICE_X162Y188       CARRY4 (Prop_carry4_CI_CO[3])
                                                      0.092     9.098 r  OPMODE_REG/Q_reg[19]_i_1/CO[3]
                         net (fo=1, routed)           0.000     9.098    OPMODE_REG/Q_reg[19]_i_1_n_0
    SLICE_X162Y189       CARRY4 (Prop_carry4_CI_CO[3])
                                                      0.092     9.190 r  OPMODE_REG/Q_reg[23]_i_1/CO[3]
                         net (fo=1, routed)           0.000     9.190    OPMODE_REG/Q_reg[23]_i_1_n_0
    SLICE_X162Y190       CARRY4 (Prop_carry4_CI_CO[3])
                                                      0.092     9.282 r  OPMODE_REG/Q_reg[27]_i_1/CO[3]
                         net (fo=1, routed)           0.000     9.282    OPMODE_REG/Q_reg[27]_i_1_n_0
    SLICE_X162Y191       CARRY4 (Prop_carry4_CI_CO[3])
                                                      0.092     9.374 r  OPMODE_REG/Q_reg[31]_i_1/CO[3]
                         net (fo=1, routed)           0.000     9.374    OPMODE_REG/Q_reg[31]_i_1_n_0
    SLICE_X162Y192       CARRY4 (Prop_carry4_CI_CO[3])
                                                      0.092     9.466 r  OPMODE_REG/Q_reg[35]_i_1/CO[3]
                         net (fo=1, routed)           0.000     9.466    OPMODE_REG/Q_reg[35]_i_1_n_0
    SLICE_X162Y193       CARRY4 (Prop_carry4_CI_CO[3])
                                                      0.092     9.558 r  OPMODE_REG/Q_reg[39]_i_1/CO[3]
                         net (fo=1, routed)           0.000     9.558    OPMODE_REG/Q_reg[39]_i_1_n_0
    SLICE_X162Y194       CARRY4 (Prop_carry4_CI_O[3])
                                                      0.237     9.795 r  OPMODE_REG/Q_reg[43]_i_1/O[3]
                         net (fo=1, routed)           0.000     9.795    P_REG/D[43]
    SLICE_X162Y194       FDRE                                         r  P_REG/Q_reg[43]/D
  -------------------------------------------------------------------    -------------------

                         (clock sys_clk_pin rise edge)
                                                     10.000    10.000 r  
    W5                                                0.000    10.000 r  clk (IN)
                         net (fo=0)                   0.000    10.000    clk
    W5                   IBUF (Prop_ibuf_I_O)         1.304    11.304 r  clk_IBUF_inst/O
                         net (fo=1, routed)           1.514    12.817    clk_IBUF
    BUFGCTRL_X0Y0        BUFG (Prop_bufg_I_O)         0.072    12.889 r  clk_IBUF_BUFG_inst/O
                         net (fo=179, routed)         1.288    14.178    P_REG/clk
    SLICE_X162Y194       FDRE                                         r  P_REG/Q_reg[43]/C
                         clock pessimism              0.215    14.393    
                         clock uncertainty           -0.035    14.358    
    SLICE_X162Y194       FDRE (Setup_fdre_C_D)        0.094    14.452    P_REG/Q_reg[43]
  -------------------------------------------------------------------
                         required time                         14.452    
                         arrival time                          -9.795    
  -------------------------------------------------------------------
                         slack                                  4.657    

Slack (MET) :             4.671ns  (required time - arrival time)
  Source:                 M_REG/Q_reg/CLK
                            (rising edge-triggered cell DSP48E1 clocked by sys_clk_pin  {rise@0.000ns fall@5.000ns period=10.000ns})
  Destination:            P_REG/Q_reg[41]/D
                            (rising edge-triggered cell FDRE clocked by sys_clk_pin  {rise@0.000ns fall@5.000ns period=10.000ns})
  Path Group:             sys_clk_pin
  Path Type:              Setup (Max at Slow Process Corner)
  Requirement:            10.000ns  (sys_clk_pin rise@10.000ns - sys_clk_pin rise@0.000ns)
  Data Path Delay:        5.330ns  (logic 2.717ns (50.974%)  route 2.613ns (49.026%))
  Logic Levels:           15  (CARRY4=12 LUT3=1 LUT4=1 LUT6=1)
  Clock Path Skew:        -0.058ns (DCD - SCD + CPR)
    Destination Clock Delay (DCD):    4.178ns = ( 14.178 - 10.000 ) 
    Source Clock Delay      (SCD):    4.451ns
    Clock Pessimism Removal (CPR):    0.215ns
  Clock Uncertainty:      0.035ns  ((TSJ^2 + TIJ^2)^1/2 + DJ) / 2 + PE
    Total System Jitter     (TSJ):    0.071ns
    Total Input Jitter      (TIJ):    0.000ns
    Discrete Jitter          (DJ):    0.000ns
    Phase Error              (PE):    0.000ns

    Location             Delay type                Incr(ns)  Path(ns)    Netlist Resource(s)
  -------------------------------------------------------------------    -------------------
                         (clock sys_clk_pin rise edge)
                                                      0.000     0.000 r  
    W5                                                0.000     0.000 r  clk (IN)
                         net (fo=0)                   0.000     0.000    clk
    W5                   IBUF (Prop_ibuf_I_O)         1.371     1.371 r  clk_IBUF_inst/O
                         net (fo=1, routed)           1.598     2.969    clk_IBUF
    BUFGCTRL_X0Y0        BUFG (Prop_bufg_I_O)         0.076     3.045 r  clk_IBUF_BUFG_inst/O
                         net (fo=179, routed)         1.406     4.451    M_REG/clk
    DSP48_X8Y76          DSP48E1                                      r  M_REG/Q_reg/CLK
  -------------------------------------------------------------------    -------------------
    DSP48_X8Y76          DSP48E1 (Prop_dsp48e1_CLK_P[0])
                                                      0.329     4.780 r  M_REG/Q_reg/P[0]
                         net (fo=2, routed)           1.304     6.084    OPMODE_REG/M[0]
    SLICE_X161Y184       LUT6 (Prop_lut6_I3_O)        0.097     6.181 r  OPMODE_REG/Q[7]_i_18/O
                         net (fo=1, routed)           0.000     6.181    OPMODE_REG/Q[7]_i_18_n_0
    SLICE_X161Y184       CARRY4 (Prop_carry4_S[0]_CO[3])
                                                      0.395     6.576 r  OPMODE_REG/Q_reg[7]_i_14/CO[3]
                         net (fo=1, routed)           0.000     6.576    OPMODE_REG/Q_reg[7]_i_14_n_0
    SLICE_X161Y185       CARRY4 (Prop_carry4_CI_O[2])
                                                      0.181     6.757 r  OPMODE_REG/Q_reg[11]_i_14/O[2]
                         net (fo=2, routed)           0.706     7.463    OPMODE_REG/post_adder_out2[6]
    SLICE_X162Y185       LUT3 (Prop_lut3_I2_O)        0.233     7.696 r  OPMODE_REG/Q[7]_i_2/O
                         net (fo=2, routed)           0.603     8.299    OPMODE_REG/Q[7]_i_2_n_0
    SLICE_X162Y185       LUT4 (Prop_lut4_I3_O)        0.239     8.538 r  OPMODE_REG/Q[7]_i_6__0/O
                         net (fo=1, routed)           0.000     8.538    OPMODE_REG/Q[7]_i_6__0_n_0
    SLICE_X162Y185       CARRY4 (Prop_carry4_S[3]_CO[3])
                                                      0.284     8.822 r  OPMODE_REG/Q_reg[7]_i_1/CO[3]
                         net (fo=1, routed)           0.000     8.822    OPMODE_REG/Q_reg[7]_i_1_n_0
    SLICE_X162Y186       CARRY4 (Prop_carry4_CI_CO[3])
                                                      0.092     8.914 r  OPMODE_REG/Q_reg[11]_i_1/CO[3]
                         net (fo=1, routed)           0.000     8.914    OPMODE_REG/Q_reg[11]_i_1_n_0
    SLICE_X162Y187       CARRY4 (Prop_carry4_CI_CO[3])
                                                      0.092     9.006 r  OPMODE_REG/Q_reg[15]_i_1/CO[3]
                         net (fo=1, routed)           0.000     9.006    OPMODE_REG/Q_reg[15]_i_1_n_0
    SLICE_X162Y188       CARRY4 (Prop_carry4_CI_CO[3])
                                                      0.092     9.098 r  OPMODE_REG/Q_reg[19]_i_1/CO[3]
                         net (fo=1, routed)           0.000     9.098    OPMODE_REG/Q_reg[19]_i_1_n_0
    SLICE_X162Y189       CARRY4 (Prop_carry4_CI_CO[3])
                                                      0.092     9.190 r  OPMODE_REG/Q_reg[23]_i_1/CO[3]
                         net (fo=1, routed)           0.000     9.190    OPMODE_REG/Q_reg[23]_i_1_n_0
    SLICE_X162Y190       CARRY4 (Prop_carry4_CI_CO[3])
                                                      0.092     9.282 r  OPMODE_REG/Q_reg[27]_i_1/CO[3]
                         net (fo=1, routed)           0.000     9.282    OPMODE_REG/Q_reg[27]_i_1_n_0
    SLICE_X162Y191       CARRY4 (Prop_carry4_CI_CO[3])
                                                      0.092     9.374 r  OPMODE_REG/Q_reg[31]_i_1/CO[3]
                         net (fo=1, routed)           0.000     9.374    OPMODE_REG/Q_reg[31]_i_1_n_0
    SLICE_X162Y192       CARRY4 (Prop_carry4_CI_CO[3])
                                                      0.092     9.466 r  OPMODE_REG/Q_reg[35]_i_1/CO[3]
                         net (fo=1, routed)           0.000     9.466    OPMODE_REG/Q_reg[35]_i_1_n_0
    SLICE_X162Y193       CARRY4 (Prop_carry4_CI_CO[3])
                                                      0.092     9.558 r  OPMODE_REG/Q_reg[39]_i_1/CO[3]
                         net (fo=1, routed)           0.000     9.558    OPMODE_REG/Q_reg[39]_i_1_n_0
    SLICE_X162Y194       CARRY4 (Prop_carry4_CI_O[1])
                                                      0.223     9.781 r  OPMODE_REG/Q_reg[43]_i_1/O[1]
                         net (fo=1, routed)           0.000     9.781    P_REG/D[41]
    SLICE_X162Y194       FDRE                                         r  P_REG/Q_reg[41]/D
  -------------------------------------------------------------------    -------------------

                         (clock sys_clk_pin rise edge)
                                                     10.000    10.000 r  
    W5                                                0.000    10.000 r  clk (IN)
                         net (fo=0)                   0.000    10.000    clk
    W5                   IBUF (Prop_ibuf_I_O)         1.304    11.304 r  clk_IBUF_inst/O
                         net (fo=1, routed)           1.514    12.817    clk_IBUF
    BUFGCTRL_X0Y0        BUFG (Prop_bufg_I_O)         0.072    12.889 r  clk_IBUF_BUFG_inst/O
                         net (fo=179, routed)         1.288    14.178    P_REG/clk
    SLICE_X162Y194       FDRE                                         r  P_REG/Q_reg[41]/C
                         clock pessimism              0.215    14.393    
                         clock uncertainty           -0.035    14.358    
    SLICE_X162Y194       FDRE (Setup_fdre_C_D)        0.094    14.452    P_REG/Q_reg[41]
  -------------------------------------------------------------------
                         required time                         14.452    
                         arrival time                          -9.781    
  -------------------------------------------------------------------
                         slack                                  4.671    

Slack (MET) :             4.714ns  (required time - arrival time)
  Source:                 M_REG/Q_reg/CLK
                            (rising edge-triggered cell DSP48E1 clocked by sys_clk_pin  {rise@0.000ns fall@5.000ns period=10.000ns})
  Destination:            P_REG/Q_reg[42]/D
                            (rising edge-triggered cell FDRE clocked by sys_clk_pin  {rise@0.000ns fall@5.000ns period=10.000ns})
  Path Group:             sys_clk_pin
  Path Type:              Setup (Max at Slow Process Corner)
  Requirement:            10.000ns  (sys_clk_pin rise@10.000ns - sys_clk_pin rise@0.000ns)
  Data Path Delay:        5.287ns  (logic 2.674ns (50.575%)  route 2.613ns (49.425%))
  Logic Levels:           15  (CARRY4=12 LUT3=1 LUT4=1 LUT6=1)
  Clock Path Skew:        -0.058ns (DCD - SCD + CPR)
    Destination Clock Delay (DCD):    4.178ns = ( 14.178 - 10.000 ) 
    Source Clock Delay      (SCD):    4.451ns
    Clock Pessimism Removal (CPR):    0.215ns
  Clock Uncertainty:      0.035ns  ((TSJ^2 + TIJ^2)^1/2 + DJ) / 2 + PE
    Total System Jitter     (TSJ):    0.071ns
    Total Input Jitter      (TIJ):    0.000ns
    Discrete Jitter          (DJ):    0.000ns
    Phase Error              (PE):    0.000ns

    Location             Delay type                Incr(ns)  Path(ns)    Netlist Resource(s)
  -------------------------------------------------------------------    -------------------
                         (clock sys_clk_pin rise edge)
                                                      0.000     0.000 r  
    W5                                                0.000     0.000 r  clk (IN)
                         net (fo=0)                   0.000     0.000    clk
    W5                   IBUF (Prop_ibuf_I_O)         1.371     1.371 r  clk_IBUF_inst/O
                         net (fo=1, routed)           1.598     2.969    clk_IBUF
    BUFGCTRL_X0Y0        BUFG (Prop_bufg_I_O)         0.076     3.045 r  clk_IBUF_BUFG_inst/O
                         net (fo=179, routed)         1.406     4.451    M_REG/clk
    DSP48_X8Y76          DSP48E1                                      r  M_REG/Q_reg/CLK
  -------------------------------------------------------------------    -------------------
    DSP48_X8Y76          DSP48E1 (Prop_dsp48e1_CLK_P[0])
                                                      0.329     4.780 r  M_REG/Q_reg/P[0]
                         net (fo=2, routed)           1.304     6.084    OPMODE_REG/M[0]
    SLICE_X161Y184       LUT6 (Prop_lut6_I3_O)        0.097     6.181 r  OPMODE_REG/Q[7]_i_18/O
                         net (fo=1, routed)           0.000     6.181    OPMODE_REG/Q[7]_i_18_n_0
    SLICE_X161Y184       CARRY4 (Prop_carry4_S[0]_CO[3])
                                                      0.395     6.576 r  OPMODE_REG/Q_reg[7]_i_14/CO[3]
                         net (fo=1, routed)           0.000     6.576    OPMODE_REG/Q_reg[7]_i_14_n_0
    SLICE_X161Y185       CARRY4 (Prop_carry4_CI_O[2])
                                                      0.181     6.757 r  OPMODE_REG/Q_reg[11]_i_14/O[2]
                         net (fo=2, routed)           0.706     7.463    OPMODE_REG/post_adder_out2[6]
    SLICE_X162Y185       LUT3 (Prop_lut3_I2_O)        0.233     7.696 r  OPMODE_REG/Q[7]_i_2/O
                         net (fo=2, routed)           0.603     8.299    OPMODE_REG/Q[7]_i_2_n_0
    SLICE_X162Y185       LUT4 (Prop_lut4_I3_O)        0.239     8.538 r  OPMODE_REG/Q[7]_i_6__0/O
                         net (fo=1, routed)           0.000     8.538    OPMODE_REG/Q[7]_i_6__0_n_0
    SLICE_X162Y185       CARRY4 (Prop_carry4_S[3]_CO[3])
                                                      0.284     8.822 r  OPMODE_REG/Q_reg[7]_i_1/CO[3]
                         net (fo=1, routed)           0.000     8.822    OPMODE_REG/Q_reg[7]_i_1_n_0
    SLICE_X162Y186       CARRY4 (Prop_carry4_CI_CO[3])
                                                      0.092     8.914 r  OPMODE_REG/Q_reg[11]_i_1/CO[3]
                         net (fo=1, routed)           0.000     8.914    OPMODE_REG/Q_reg[11]_i_1_n_0
    SLICE_X162Y187       CARRY4 (Prop_carry4_CI_CO[3])
                                                      0.092     9.006 r  OPMODE_REG/Q_reg[15]_i_1/CO[3]
                         net (fo=1, routed)           0.000     9.006    OPMODE_REG/Q_reg[15]_i_1_n_0
    SLICE_X162Y188       CARRY4 (Prop_carry4_CI_CO[3])
                                                      0.092     9.098 r  OPMODE_REG/Q_reg[19]_i_1/CO[3]
                         net (fo=1, routed)           0.000     9.098    OPMODE_REG/Q_reg[19]_i_1_n_0
    SLICE_X162Y189       CARRY4 (Prop_carry4_CI_CO[3])
                                                      0.092     9.190 r  OPMODE_REG/Q_reg[23]_i_1/CO[3]
                         net (fo=1, routed)           0.000     9.190    OPMODE_REG/Q_reg[23]_i_1_n_0
    SLICE_X162Y190       CARRY4 (Prop_carry4_CI_CO[3])
                                                      0.092     9.282 r  OPMODE_REG/Q_reg[27]_i_1/CO[3]
                         net (fo=1, routed)           0.000     9.282    OPMODE_REG/Q_reg[27]_i_1_n_0
    SLICE_X162Y191       CARRY4 (Prop_carry4_CI_CO[3])
                                                      0.092     9.374 r  OPMODE_REG/Q_reg[31]_i_1/CO[3]
                         net (fo=1, routed)           0.000     9.374    OPMODE_REG/Q_reg[31]_i_1_n_0
    SLICE_X162Y192       CARRY4 (Prop_carry4_CI_CO[3])
                                                      0.092     9.466 r  OPMODE_REG/Q_reg[35]_i_1/CO[3]
                         net (fo=1, routed)           0.000     9.466    OPMODE_REG/Q_reg[35]_i_1_n_0
    SLICE_X162Y193       CARRY4 (Prop_carry4_CI_CO[3])
                                                      0.092     9.558 r  OPMODE_REG/Q_reg[39]_i_1/CO[3]
                         net (fo=1, routed)           0.000     9.558    OPMODE_REG/Q_reg[39]_i_1_n_0
    SLICE_X162Y194       CARRY4 (Prop_carry4_CI_O[2])
                                                      0.180     9.738 r  OPMODE_REG/Q_reg[43]_i_1/O[2]
                         net (fo=1, routed)           0.000     9.738    P_REG/D[42]
    SLICE_X162Y194       FDRE                                         r  P_REG/Q_reg[42]/D
  -------------------------------------------------------------------    -------------------

                         (clock sys_clk_pin rise edge)
                                                     10.000    10.000 r  
    W5                                                0.000    10.000 r  clk (IN)
                         net (fo=0)                   0.000    10.000    clk
    W5                   IBUF (Prop_ibuf_I_O)         1.304    11.304 r  clk_IBUF_inst/O
                         net (fo=1, routed)           1.514    12.817    clk_IBUF
    BUFGCTRL_X0Y0        BUFG (Prop_bufg_I_O)         0.072    12.889 r  clk_IBUF_BUFG_inst/O
                         net (fo=179, routed)         1.288    14.178    P_REG/clk
    SLICE_X162Y194       FDRE                                         r  P_REG/Q_reg[42]/C
                         clock pessimism              0.215    14.393    
                         clock uncertainty           -0.035    14.358    
    SLICE_X162Y194       FDRE (Setup_fdre_C_D)        0.094    14.452    P_REG/Q_reg[42]
  -------------------------------------------------------------------
                         required time                         14.452    
                         arrival time                          -9.738    
  -------------------------------------------------------------------
                         slack                                  4.714    

Slack (MET) :             4.737ns  (required time - arrival time)
  Source:                 M_REG/Q_reg/CLK
                            (rising edge-triggered cell DSP48E1 clocked by sys_clk_pin  {rise@0.000ns fall@5.000ns period=10.000ns})
  Destination:            P_REG/Q_reg[40]/D
                            (rising edge-triggered cell FDRE clocked by sys_clk_pin  {rise@0.000ns fall@5.000ns period=10.000ns})
  Path Group:             sys_clk_pin
  Path Type:              Setup (Max at Slow Process Corner)
  Requirement:            10.000ns  (sys_clk_pin rise@10.000ns - sys_clk_pin rise@0.000ns)
  Data Path Delay:        5.264ns  (logic 2.651ns (50.359%)  route 2.613ns (49.641%))
  Logic Levels:           15  (CARRY4=12 LUT3=1 LUT4=1 LUT6=1)
  Clock Path Skew:        -0.058ns (DCD - SCD + CPR)
    Destination Clock Delay (DCD):    4.178ns = ( 14.178 - 10.000 ) 
    Source Clock Delay      (SCD):    4.451ns
    Clock Pessimism Removal (CPR):    0.215ns
  Clock Uncertainty:      0.035ns  ((TSJ^2 + TIJ^2)^1/2 + DJ) / 2 + PE
    Total System Jitter     (TSJ):    0.071ns
    Total Input Jitter      (TIJ):    0.000ns
    Discrete Jitter          (DJ):    0.000ns
    Phase Error              (PE):    0.000ns

    Location             Delay type                Incr(ns)  Path(ns)    Netlist Resource(s)
  -------------------------------------------------------------------    -------------------
                         (clock sys_clk_pin rise edge)
                                                      0.000     0.000 r  
    W5                                                0.000     0.000 r  clk (IN)
                         net (fo=0)                   0.000     0.000    clk
    W5                   IBUF (Prop_ibuf_I_O)         1.371     1.371 r  clk_IBUF_inst/O
                         net (fo=1, routed)           1.598     2.969    clk_IBUF
    BUFGCTRL_X0Y0        BUFG (Prop_bufg_I_O)         0.076     3.045 r  clk_IBUF_BUFG_inst/O
                         net (fo=179, routed)         1.406     4.451    M_REG/clk
    DSP48_X8Y76          DSP48E1                                      r  M_REG/Q_reg/CLK
  -------------------------------------------------------------------    -------------------
    DSP48_X8Y76          DSP48E1 (Prop_dsp48e1_CLK_P[0])
                                                      0.329     4.780 r  M_REG/Q_reg/P[0]
                         net (fo=2, routed)           1.304     6.084    OPMODE_REG/M[0]
    SLICE_X161Y184       LUT6 (Prop_lut6_I3_O)        0.097     6.181 r  OPMODE_REG/Q[7]_i_18/O
                         net (fo=1, routed)           0.000     6.181    OPMODE_REG/Q[7]_i_18_n_0
    SLICE_X161Y184       CARRY4 (Prop_carry4_S[0]_CO[3])
                                                      0.395     6.576 r  OPMODE_REG/Q_reg[7]_i_14/CO[3]
                         net (fo=1, routed)           0.000     6.576    OPMODE_REG/Q_reg[7]_i_14_n_0
    SLICE_X161Y185       CARRY4 (Prop_carry4_CI_O[2])
                                                      0.181     6.757 r  OPMODE_REG/Q_reg[11]_i_14/O[2]
                         net (fo=2, routed)           0.706     7.463    OPMODE_REG/post_adder_out2[6]
    SLICE_X162Y185       LUT3 (Prop_lut3_I2_O)        0.233     7.696 r  OPMODE_REG/Q[7]_i_2/O
                         net (fo=2, routed)           0.603     8.299    OPMODE_REG/Q[7]_i_2_n_0
    SLICE_X162Y185       LUT4 (Prop_lut4_I3_O)        0.239     8.538 r  OPMODE_REG/Q[7]_i_6__0/O
                         net (fo=1, routed)           0.000     8.538    OPMODE_REG/Q[7]_i_6__0_n_0
    SLICE_X162Y185       CARRY4 (Prop_carry4_S[3]_CO[3])
                                                      0.284     8.822 r  OPMODE_REG/Q_reg[7]_i_1/CO[3]
                         net (fo=1, routed)           0.000     8.822    OPMODE_REG/Q_reg[7]_i_1_n_0
    SLICE_X162Y186       CARRY4 (Prop_carry4_CI_CO[3])
                                                      0.092     8.914 r  OPMODE_REG/Q_reg[11]_i_1/CO[3]
                         net (fo=1, routed)           0.000     8.914    OPMODE_REG/Q_reg[11]_i_1_n_0
    SLICE_X162Y187       CARRY4 (Prop_carry4_CI_CO[3])
                                                      0.092     9.006 r  OPMODE_REG/Q_reg[15]_i_1/CO[3]
                         net (fo=1, routed)           0.000     9.006    OPMODE_REG/Q_reg[15]_i_1_n_0
    SLICE_X162Y188       CARRY4 (Prop_carry4_CI_CO[3])
                                                      0.092     9.098 r  OPMODE_REG/Q_reg[19]_i_1/CO[3]
                         net (fo=1, routed)           0.000     9.098    OPMODE_REG/Q_reg[19]_i_1_n_0
    SLICE_X162Y189       CARRY4 (Prop_carry4_CI_CO[3])
                                                      0.092     9.190 r  OPMODE_REG/Q_reg[23]_i_1/CO[3]
                         net (fo=1, routed)           0.000     9.190    OPMODE_REG/Q_reg[23]_i_1_n_0
    SLICE_X162Y190       CARRY4 (Prop_carry4_CI_CO[3])
                                                      0.092     9.282 r  OPMODE_REG/Q_reg[27]_i_1/CO[3]
                         net (fo=1, routed)           0.000     9.282    OPMODE_REG/Q_reg[27]_i_1_n_0
    SLICE_X162Y191       CARRY4 (Prop_carry4_CI_CO[3])
                                                      0.092     9.374 r  OPMODE_REG/Q_reg[31]_i_1/CO[3]
                         net (fo=1, routed)           0.000     9.374    OPMODE_REG/Q_reg[31]_i_1_n_0
    SLICE_X162Y192       CARRY4 (Prop_carry4_CI_CO[3])
                                                      0.092     9.466 r  OPMODE_REG/Q_reg[35]_i_1/CO[3]
                         net (fo=1, routed)           0.000     9.466    OPMODE_REG/Q_reg[35]_i_1_n_0
    SLICE_X162Y193       CARRY4 (Prop_carry4_CI_CO[3])
                                                      0.092     9.558 r  OPMODE_REG/Q_reg[39]_i_1/CO[3]
                         net (fo=1, routed)           0.000     9.558    OPMODE_REG/Q_reg[39]_i_1_n_0
    SLICE_X162Y194       CARRY4 (Prop_carry4_CI_O[0])
                                                      0.157     9.715 r  OPMODE_REG/Q_reg[43]_i_1/O[0]
                         net (fo=1, routed)           0.000     9.715    P_REG/D[40]
    SLICE_X162Y194       FDRE                                         r  P_REG/Q_reg[40]/D
  -------------------------------------------------------------------    -------------------

                         (clock sys_clk_pin rise edge)
                                                     10.000    10.000 r  
    W5                                                0.000    10.000 r  clk (IN)
                         net (fo=0)                   0.000    10.000    clk
    W5                   IBUF (Prop_ibuf_I_O)         1.304    11.304 r  clk_IBUF_inst/O
                         net (fo=1, routed)           1.514    12.817    clk_IBUF
    BUFGCTRL_X0Y0        BUFG (Prop_bufg_I_O)         0.072    12.889 r  clk_IBUF_BUFG_inst/O
                         net (fo=179, routed)         1.288    14.178    P_REG/clk
    SLICE_X162Y194       FDRE                                         r  P_REG/Q_reg[40]/C
                         clock pessimism              0.215    14.393    
                         clock uncertainty           -0.035    14.358    
    SLICE_X162Y194       FDRE (Setup_fdre_C_D)        0.094    14.452    P_REG/Q_reg[40]
  -------------------------------------------------------------------
                         required time                         14.452    
                         arrival time                          -9.715    
  -------------------------------------------------------------------
                         slack                                  4.737    

Slack (MET) :             4.749ns  (required time - arrival time)
  Source:                 M_REG/Q_reg/CLK
                            (rising edge-triggered cell DSP48E1 clocked by sys_clk_pin  {rise@0.000ns fall@5.000ns period=10.000ns})
  Destination:            P_REG/Q_reg[39]/D
                            (rising edge-triggered cell FDRE clocked by sys_clk_pin  {rise@0.000ns fall@5.000ns period=10.000ns})
  Path Group:             sys_clk_pin
  Path Type:              Setup (Max at Slow Process Corner)
  Requirement:            10.000ns  (sys_clk_pin rise@10.000ns - sys_clk_pin rise@0.000ns)
  Data Path Delay:        5.252ns  (logic 2.639ns (50.246%)  route 2.613ns (49.754%))
  Logic Levels:           14  (CARRY4=11 LUT3=1 LUT4=1 LUT6=1)
  Clock Path Skew:        -0.058ns (DCD - SCD + CPR)
    Destination Clock Delay (DCD):    4.178ns = ( 14.178 - 10.000 ) 
    Source Clock Delay      (SCD):    4.451ns
    Clock Pessimism Removal (CPR):    0.215ns
  Clock Uncertainty:      0.035ns  ((TSJ^2 + TIJ^2)^1/2 + DJ) / 2 + PE
    Total System Jitter     (TSJ):    0.071ns
    Total Input Jitter      (TIJ):    0.000ns
    Discrete Jitter          (DJ):    0.000ns
    Phase Error              (PE):    0.000ns

    Location             Delay type                Incr(ns)  Path(ns)    Netlist Resource(s)
  -------------------------------------------------------------------    -------------------
                         (clock sys_clk_pin rise edge)
                                                      0.000     0.000 r  
    W5                                                0.000     0.000 r  clk (IN)
                         net (fo=0)                   0.000     0.000    clk
    W5                   IBUF (Prop_ibuf_I_O)         1.371     1.371 r  clk_IBUF_inst/O
                         net (fo=1, routed)           1.598     2.969    clk_IBUF
    BUFGCTRL_X0Y0        BUFG (Prop_bufg_I_O)         0.076     3.045 r  clk_IBUF_BUFG_inst/O
                         net (fo=179, routed)         1.406     4.451    M_REG/clk
    DSP48_X8Y76          DSP48E1                                      r  M_REG/Q_reg/CLK
  -------------------------------------------------------------------    -------------------
    DSP48_X8Y76          DSP48E1 (Prop_dsp48e1_CLK_P[0])
                                                      0.329     4.780 r  M_REG/Q_reg/P[0]
                         net (fo=2, routed)           1.304     6.084    OPMODE_REG/M[0]
    SLICE_X161Y184       LUT6 (Prop_lut6_I3_O)        0.097     6.181 r  OPMODE_REG/Q[7]_i_18/O
                         net (fo=1, routed)           0.000     6.181    OPMODE_REG/Q[7]_i_18_n_0
    SLICE_X161Y184       CARRY4 (Prop_carry4_S[0]_CO[3])
                                                      0.395     6.576 r  OPMODE_REG/Q_reg[7]_i_14/CO[3]
                         net (fo=1, routed)           0.000     6.576    OPMODE_REG/Q_reg[7]_i_14_n_0
    SLICE_X161Y185       CARRY4 (Prop_carry4_CI_O[2])
                                                      0.181     6.757 r  OPMODE_REG/Q_reg[11]_i_14/O[2]
                         net (fo=2, routed)           0.706     7.463    OPMODE_REG/post_adder_out2[6]
    SLICE_X162Y185       LUT3 (Prop_lut3_I2_O)        0.233     7.696 r  OPMODE_REG/Q[7]_i_2/O
                         net (fo=2, routed)           0.603     8.299    OPMODE_REG/Q[7]_i_2_n_0
    SLICE_X162Y185       LUT4 (Prop_lut4_I3_O)        0.239     8.538 r  OPMODE_REG/Q[7]_i_6__0/O
                         net (fo=1, routed)           0.000     8.538    OPMODE_REG/Q[7]_i_6__0_n_0
    SLICE_X162Y185       CARRY4 (Prop_carry4_S[3]_CO[3])
                                                      0.284     8.822 r  OPMODE_REG/Q_reg[7]_i_1/CO[3]
                         net (fo=1, routed)           0.000     8.822    OPMODE_REG/Q_reg[7]_i_1_n_0
    SLICE_X162Y186       CARRY4 (Prop_carry4_CI_CO[3])
                                                      0.092     8.914 r  OPMODE_REG/Q_reg[11]_i_1/CO[3]
                         net (fo=1, routed)           0.000     8.914    OPMODE_REG/Q_reg[11]_i_1_n_0
    SLICE_X162Y187       CARRY4 (Prop_carry4_CI_CO[3])
                                                      0.092     9.006 r  OPMODE_REG/Q_reg[15]_i_1/CO[3]
                         net (fo=1, routed)           0.000     9.006    OPMODE_REG/Q_reg[15]_i_1_n_0
    SLICE_X162Y188       CARRY4 (Prop_carry4_CI_CO[3])
                                                      0.092     9.098 r  OPMODE_REG/Q_reg[19]_i_1/CO[3]
                         net (fo=1, routed)           0.000     9.098    OPMODE_REG/Q_reg[19]_i_1_n_0
    SLICE_X162Y189       CARRY4 (Prop_carry4_CI_CO[3])
                                                      0.092     9.190 r  OPMODE_REG/Q_reg[23]_i_1/CO[3]
                         net (fo=1, routed)           0.000     9.190    OPMODE_REG/Q_reg[23]_i_1_n_0
    SLICE_X162Y190       CARRY4 (Prop_carry4_CI_CO[3])
                                                      0.092     9.282 r  OPMODE_REG/Q_reg[27]_i_1/CO[3]
                         net (fo=1, routed)           0.000     9.282    OPMODE_REG/Q_reg[27]_i_1_n_0
    SLICE_X162Y191       CARRY4 (Prop_carry4_CI_CO[3])
                                                      0.092     9.374 r  OPMODE_REG/Q_reg[31]_i_1/CO[3]
                         net (fo=1, routed)           0.000     9.374    OPMODE_REG/Q_reg[31]_i_1_n_0
    SLICE_X162Y192       CARRY4 (Prop_carry4_CI_CO[3])
                                                      0.092     9.466 r  OPMODE_REG/Q_reg[35]_i_1/CO[3]
                         net (fo=1, routed)           0.000     9.466    OPMODE_REG/Q_reg[35]_i_1_n_0
    SLICE_X162Y193       CARRY4 (Prop_carry4_CI_O[3])
                                                      0.237     9.703 r  OPMODE_REG/Q_reg[39]_i_1/O[3]
                         net (fo=1, routed)           0.000     9.703    P_REG/D[39]
    SLICE_X162Y193       FDRE                                         r  P_REG/Q_reg[39]/D
  -------------------------------------------------------------------    -------------------

                         (clock sys_clk_pin rise edge)
                                                     10.000    10.000 r  
    W5                                                0.000    10.000 r  clk (IN)
                         net (fo=0)                   0.000    10.000    clk
    W5                   IBUF (Prop_ibuf_I_O)         1.304    11.304 r  clk_IBUF_inst/O
                         net (fo=1, routed)           1.514    12.817    clk_IBUF
    BUFGCTRL_X0Y0        BUFG (Prop_bufg_I_O)         0.072    12.889 r  clk_IBUF_BUFG_inst/O
                         net (fo=179, routed)         1.288    14.178    P_REG/clk
    SLICE_X162Y193       FDRE                                         r  P_REG/Q_reg[39]/C
                         clock pessimism              0.215    14.393    
                         clock uncertainty           -0.035    14.358    
    SLICE_X162Y193       FDRE (Setup_fdre_C_D)        0.094    14.452    P_REG/Q_reg[39]
  -------------------------------------------------------------------
                         required time                         14.452    
                         arrival time                          -9.703    
  -------------------------------------------------------------------
                         slack                                  4.749    





Min Delay Paths
--------------------------------------------------------------------------------------
Slack (MET) :             0.261ns  (arrival time - required time)
  Source:                 POST_ADDER_CARRY_IN_REG/Q_reg[0]/C
                            (rising edge-triggered cell FDRE clocked by sys_clk_pin  {rise@0.000ns fall@5.000ns period=10.000ns})
  Destination:            POST_ADDER_CARRY_IN_REG/Q_reg[0]/D
                            (rising edge-triggered cell FDRE clocked by sys_clk_pin  {rise@0.000ns fall@5.000ns period=10.000ns})
  Path Group:             sys_clk_pin
  Path Type:              Hold (Min at Fast Process Corner)
  Requirement:            0.000ns  (sys_clk_pin rise@0.000ns - sys_clk_pin rise@0.000ns)
  Data Path Delay:        0.352ns  (logic 0.186ns (52.809%)  route 0.166ns (47.191%))
  Logic Levels:           1  (LUT4=1)
  Clock Path Skew:        0.000ns (DCD - SCD - CPR)
    Destination Clock Delay (DCD):    2.153ns
    Source Clock Delay      (SCD):    1.633ns
    Clock Pessimism Removal (CPR):    0.520ns

    Location             Delay type                Incr(ns)  Path(ns)    Netlist Resource(s)
  -------------------------------------------------------------------    -------------------
                         (clock sys_clk_pin rise edge)
                                                      0.000     0.000 r  
    W5                                                0.000     0.000 r  clk (IN)
                         net (fo=0)                   0.000     0.000    clk
    W5                   IBUF (Prop_ibuf_I_O)         0.291     0.291 r  clk_IBUF_inst/O
                         net (fo=1, routed)           0.676     0.967    clk_IBUF
    BUFGCTRL_X0Y0        BUFG (Prop_bufg_I_O)         0.026     0.993 r  clk_IBUF_BUFG_inst/O
                         net (fo=179, routed)         0.641     1.633    POST_ADDER_CARRY_IN_REG/clk
    SLICE_X159Y184       FDRE                                         r  POST_ADDER_CARRY_IN_REG/Q_reg[0]/C
  -------------------------------------------------------------------    -------------------
    SLICE_X159Y184       FDRE (Prop_fdre_C_Q)         0.141     1.774 r  POST_ADDER_CARRY_IN_REG/Q_reg[0]/Q
                         net (fo=3, routed)           0.166     1.941    POST_ADDER_CARRY_IN_REG/DI[0]
    SLICE_X159Y184       LUT4 (Prop_lut4_I0_O)        0.045     1.986 r  POST_ADDER_CARRY_IN_REG/Q[0]_i_1__0/O
                         net (fo=1, routed)           0.000     1.986    POST_ADDER_CARRY_IN_REG/Q[0]_i_1__0_n_0
    SLICE_X159Y184       FDRE                                         r  POST_ADDER_CARRY_IN_REG/Q_reg[0]/D
  -------------------------------------------------------------------    -------------------

                         (clock sys_clk_pin rise edge)
                                                      0.000     0.000 r  
    W5                                                0.000     0.000 r  clk (IN)
                         net (fo=0)                   0.000     0.000    clk
    W5                   IBUF (Prop_ibuf_I_O)         0.479     0.479 r  clk_IBUF_inst/O
                         net (fo=1, routed)           0.734     1.213    clk_IBUF
    BUFGCTRL_X0Y0        BUFG (Prop_bufg_I_O)         0.029     1.242 r  clk_IBUF_BUFG_inst/O
                         net (fo=179, routed)         0.911     2.153    POST_ADDER_CARRY_IN_REG/clk
    SLICE_X159Y184       FDRE                                         r  POST_ADDER_CARRY_IN_REG/Q_reg[0]/C
                         clock pessimism             -0.520     1.633    
    SLICE_X159Y184       FDRE (Hold_fdre_C_D)         0.091     1.724    POST_ADDER_CARRY_IN_REG/Q_reg[0]
  -------------------------------------------------------------------
                         required time                         -1.724    
                         arrival time                           1.986    
  -------------------------------------------------------------------
                         slack                                  0.261    

Slack (MET) :             0.420ns  (arrival time - required time)
  Source:                 OPMODE_REG/Q_reg[7]/C
                            (rising edge-triggered cell FDRE clocked by sys_clk_pin  {rise@0.000ns fall@5.000ns period=10.000ns})
  Destination:            P_REG/Q_reg[5]/D
                            (rising edge-triggered cell FDRE clocked by sys_clk_pin  {rise@0.000ns fall@5.000ns period=10.000ns})
  Path Group:             sys_clk_pin
  Path Type:              Hold (Min at Fast Process Corner)
  Requirement:            0.000ns  (sys_clk_pin rise@0.000ns - sys_clk_pin rise@0.000ns)
  Data Path Delay:        0.593ns  (logic 0.292ns (49.277%)  route 0.301ns (50.723%))
  Logic Levels:           2  (CARRY4=1 LUT4=1)
  Clock Path Skew:        0.039ns (DCD - SCD - CPR)
    Destination Clock Delay (DCD):    2.155ns
    Source Clock Delay      (SCD):    1.633ns
    Clock Pessimism Removal (CPR):    0.483ns

    Location             Delay type                Incr(ns)  Path(ns)    Netlist Resource(s)
  -------------------------------------------------------------------    -------------------
                         (clock sys_clk_pin rise edge)
                                                      0.000     0.000 r  
    W5                                                0.000     0.000 r  clk (IN)
                         net (fo=0)                   0.000     0.000    clk
    W5                   IBUF (Prop_ibuf_I_O)         0.291     0.291 r  clk_IBUF_inst/O
                         net (fo=1, routed)           0.676     0.967    clk_IBUF
    BUFGCTRL_X0Y0        BUFG (Prop_bufg_I_O)         0.026     0.993 r  clk_IBUF_BUFG_inst/O
                         net (fo=179, routed)         0.641     1.633    OPMODE_REG/clk
    SLICE_X156Y184       FDRE                                         r  OPMODE_REG/Q_reg[7]/C
  -------------------------------------------------------------------    -------------------
    SLICE_X156Y184       FDRE (Prop_fdre_C_Q)         0.128     1.761 r  OPMODE_REG/Q_reg[7]/Q
                         net (fo=95, routed)          0.301     2.062    OPMODE_REG/p_0_in
    SLICE_X162Y185       LUT4 (Prop_lut4_I1_O)        0.098     2.160 r  OPMODE_REG/Q[7]_i_8/O
                         net (fo=1, routed)           0.000     2.160    OPMODE_REG/Q[7]_i_8_n_0
    SLICE_X162Y185       CARRY4 (Prop_carry4_S[1]_O[1])
                                                      0.066     2.226 r  OPMODE_REG/Q_reg[7]_i_1/O[1]
                         net (fo=1, routed)           0.000     2.226    P_REG/D[5]
    SLICE_X162Y185       FDRE                                         r  P_REG/Q_reg[5]/D
  -------------------------------------------------------------------    -------------------

                         (clock sys_clk_pin rise edge)
                                                      0.000     0.000 r  
    W5                                                0.000     0.000 r  clk (IN)
                         net (fo=0)                   0.000     0.000    clk
    W5                   IBUF (Prop_ibuf_I_O)         0.479     0.479 r  clk_IBUF_inst/O
                         net (fo=1, routed)           0.734     1.213    clk_IBUF
    BUFGCTRL_X0Y0        BUFG (Prop_bufg_I_O)         0.029     1.242 r  clk_IBUF_BUFG_inst/O
                         net (fo=179, routed)         0.913     2.155    P_REG/clk
    SLICE_X162Y185       FDRE                                         r  P_REG/Q_reg[5]/C
                         clock pessimism             -0.483     1.672    
    SLICE_X162Y185       FDRE (Hold_fdre_C_D)         0.134     1.806    P_REG/Q_reg[5]
  -------------------------------------------------------------------
                         required time                         -1.806    
                         arrival time                           2.226    
  -------------------------------------------------------------------
                         slack                                  0.420    

Slack (MET) :             0.422ns  (arrival time - required time)
  Source:                 OPMODE_REG/Q_reg[7]/C
                            (rising edge-triggered cell FDRE clocked by sys_clk_pin  {rise@0.000ns fall@5.000ns period=10.000ns})
  Destination:            P_REG/Q_reg[1]/D
                            (rising edge-triggered cell FDRE clocked by sys_clk_pin  {rise@0.000ns fall@5.000ns period=10.000ns})
  Path Group:             sys_clk_pin
  Path Type:              Hold (Min at Fast Process Corner)
  Requirement:            0.000ns  (sys_clk_pin rise@0.000ns - sys_clk_pin rise@0.000ns)
  Data Path Delay:        0.594ns  (logic 0.292ns (49.195%)  route 0.302ns (50.805%))
  Logic Levels:           2  (CARRY4=1 LUT4=1)
  Clock Path Skew:        0.038ns (DCD - SCD - CPR)
    Destination Clock Delay (DCD):    2.154ns
    Source Clock Delay      (SCD):    1.633ns
    Clock Pessimism Removal (CPR):    0.483ns

    Location             Delay type                Incr(ns)  Path(ns)    Netlist Resource(s)
  -------------------------------------------------------------------    -------------------
                         (clock sys_clk_pin rise edge)
                                                      0.000     0.000 r  
    W5                                                0.000     0.000 r  clk (IN)
                         net (fo=0)                   0.000     0.000    clk
    W5                   IBUF (Prop_ibuf_I_O)         0.291     0.291 r  clk_IBUF_inst/O
                         net (fo=1, routed)           0.676     0.967    clk_IBUF
    BUFGCTRL_X0Y0        BUFG (Prop_bufg_I_O)         0.026     0.993 r  clk_IBUF_BUFG_inst/O
                         net (fo=179, routed)         0.641     1.633    OPMODE_REG/clk
    SLICE_X156Y184       FDRE                                         r  OPMODE_REG/Q_reg[7]/C
  -------------------------------------------------------------------    -------------------
    SLICE_X156Y184       FDRE (Prop_fdre_C_Q)         0.128     1.761 r  OPMODE_REG/Q_reg[7]/Q
                         net (fo=95, routed)          0.302     2.063    OPMODE_REG/p_0_in
    SLICE_X162Y184       LUT4 (Prop_lut4_I1_O)        0.098     2.161 r  OPMODE_REG/Q[3]_i_7/O
                         net (fo=1, routed)           0.000     2.161    OPMODE_REG/Q[3]_i_7_n_0
    SLICE_X162Y184       CARRY4 (Prop_carry4_S[1]_O[1])
                                                      0.066     2.227 r  OPMODE_REG/Q_reg[3]_i_1/O[1]
                         net (fo=1, routed)           0.000     2.227    P_REG/D[1]
    SLICE_X162Y184       FDRE                                         r  P_REG/Q_reg[1]/D
  -------------------------------------------------------------------    -------------------

                         (clock sys_clk_pin rise edge)
                                                      0.000     0.000 r  
    W5                                                0.000     0.000 r  clk (IN)
                         net (fo=0)                   0.000     0.000    clk
    W5                   IBUF (Prop_ibuf_I_O)         0.479     0.479 r  clk_IBUF_inst/O
                         net (fo=1, routed)           0.734     1.213    clk_IBUF
    BUFGCTRL_X0Y0        BUFG (Prop_bufg_I_O)         0.029     1.242 r  clk_IBUF_BUFG_inst/O
                         net (fo=179, routed)         0.912     2.154    P_REG/clk
    SLICE_X162Y184       FDRE                                         r  P_REG/Q_reg[1]/C
                         clock pessimism             -0.483     1.671    
    SLICE_X162Y184       FDRE (Hold_fdre_C_D)         0.134     1.805    P_REG/Q_reg[1]
  -------------------------------------------------------------------
                         required time                         -1.805    
                         arrival time                           2.227    
  -------------------------------------------------------------------
                         slack                                  0.422    

Slack (MET) :             0.424ns  (arrival time - required time)
  Source:                 OPMODE_REG/Q_reg[7]/C
                            (rising edge-triggered cell FDRE clocked by sys_clk_pin  {rise@0.000ns fall@5.000ns period=10.000ns})
  Destination:            P_REG/Q_reg[4]/D
                            (rising edge-triggered cell FDRE clocked by sys_clk_pin  {rise@0.000ns fall@5.000ns period=10.000ns})
  Path Group:             sys_clk_pin
  Path Type:              Hold (Min at Fast Process Corner)
  Requirement:            0.000ns  (sys_clk_pin rise@0.000ns - sys_clk_pin rise@0.000ns)
  Data Path Delay:        0.597ns  (logic 0.296ns (49.617%)  route 0.301ns (50.383%))
  Logic Levels:           2  (CARRY4=1 LUT4=1)
  Clock Path Skew:        0.039ns (DCD - SCD - CPR)
    Destination Clock Delay (DCD):    2.155ns
    Source Clock Delay      (SCD):    1.633ns
    Clock Pessimism Removal (CPR):    0.483ns

    Location             Delay type                Incr(ns)  Path(ns)    Netlist Resource(s)
  -------------------------------------------------------------------    -------------------
                         (clock sys_clk_pin rise edge)
                                                      0.000     0.000 r  
    W5                                                0.000     0.000 r  clk (IN)
                         net (fo=0)                   0.000     0.000    clk
    W5                   IBUF (Prop_ibuf_I_O)         0.291     0.291 r  clk_IBUF_inst/O
                         net (fo=1, routed)           0.676     0.967    clk_IBUF
    BUFGCTRL_X0Y0        BUFG (Prop_bufg_I_O)         0.026     0.993 r  clk_IBUF_BUFG_inst/O
                         net (fo=179, routed)         0.641     1.633    OPMODE_REG/clk
    SLICE_X156Y184       FDRE                                         r  OPMODE_REG/Q_reg[7]/C
  -------------------------------------------------------------------    -------------------
    SLICE_X156Y184       FDRE (Prop_fdre_C_Q)         0.128     1.761 r  OPMODE_REG/Q_reg[7]/Q
                         net (fo=95, routed)          0.301     2.062    OPMODE_REG/p_0_in
    SLICE_X162Y185       LUT4 (Prop_lut4_I1_O)        0.098     2.160 r  OPMODE_REG/Q[7]_i_9/O
                         net (fo=1, routed)           0.000     2.160    OPMODE_REG/Q[7]_i_9_n_0
    SLICE_X162Y185       CARRY4 (Prop_carry4_S[0]_O[0])
                                                      0.070     2.230 r  OPMODE_REG/Q_reg[7]_i_1/O[0]
                         net (fo=1, routed)           0.000     2.230    P_REG/D[4]
    SLICE_X162Y185       FDRE                                         r  P_REG/Q_reg[4]/D
  -------------------------------------------------------------------    -------------------

                         (clock sys_clk_pin rise edge)
                                                      0.000     0.000 r  
    W5                                                0.000     0.000 r  clk (IN)
                         net (fo=0)                   0.000     0.000    clk
    W5                   IBUF (Prop_ibuf_I_O)         0.479     0.479 r  clk_IBUF_inst/O
                         net (fo=1, routed)           0.734     1.213    clk_IBUF
    BUFGCTRL_X0Y0        BUFG (Prop_bufg_I_O)         0.029     1.242 r  clk_IBUF_BUFG_inst/O
                         net (fo=179, routed)         0.913     2.155    P_REG/clk
    SLICE_X162Y185       FDRE                                         r  P_REG/Q_reg[4]/C
                         clock pessimism             -0.483     1.672    
    SLICE_X162Y185       FDRE (Hold_fdre_C_D)         0.134     1.806    P_REG/Q_reg[4]
  -------------------------------------------------------------------
                         required time                         -1.806    
                         arrival time                           2.230    
  -------------------------------------------------------------------
                         slack                                  0.424    

Slack (MET) :             0.451ns  (arrival time - required time)
  Source:                 C0_REG/Q_reg[3]/C
                            (rising edge-triggered cell FDRE clocked by sys_clk_pin  {rise@0.000ns fall@5.000ns period=10.000ns})
  Destination:            P_REG/Q_reg[3]/D
                            (rising edge-triggered cell FDRE clocked by sys_clk_pin  {rise@0.000ns fall@5.000ns period=10.000ns})
  Path Group:             sys_clk_pin
  Path Type:              Hold (Min at Fast Process Corner)
  Requirement:            0.000ns  (sys_clk_pin rise@0.000ns - sys_clk_pin rise@0.000ns)
  Data Path Delay:        0.624ns  (logic 0.295ns (47.312%)  route 0.329ns (52.688%))
  Logic Levels:           3  (CARRY4=1 LUT4=1 LUT5=1)
  Clock Path Skew:        0.039ns (DCD - SCD - CPR)
    Destination Clock Delay (DCD):    2.154ns
    Source Clock Delay      (SCD):    1.632ns
    Clock Pessimism Removal (CPR):    0.483ns

    Location             Delay type                Incr(ns)  Path(ns)    Netlist Resource(s)
  -------------------------------------------------------------------    -------------------
                         (clock sys_clk_pin rise edge)
                                                      0.000     0.000 r  
    W5                                                0.000     0.000 r  clk (IN)
                         net (fo=0)                   0.000     0.000    clk
    W5                   IBUF (Prop_ibuf_I_O)         0.291     0.291 r  clk_IBUF_inst/O
                         net (fo=1, routed)           0.676     0.967    clk_IBUF
    BUFGCTRL_X0Y0        BUFG (Prop_bufg_I_O)         0.026     0.993 r  clk_IBUF_BUFG_inst/O
                         net (fo=179, routed)         0.640     1.632    C0_REG/clk
    SLICE_X156Y183       FDRE                                         r  C0_REG/Q_reg[3]/C
  -------------------------------------------------------------------    -------------------
    SLICE_X156Y183       FDRE (Prop_fdre_C_Q)         0.141     1.773 r  C0_REG/Q_reg[3]/Q
                         net (fo=1, routed)           0.157     1.931    OPMODE_REG/Q_reg[47][3]
    SLICE_X163Y183       LUT5 (Prop_lut5_I0_O)        0.045     1.976 r  OPMODE_REG/Q[7]_i_13/O
                         net (fo=2, routed)           0.171     2.147    OPMODE_REG/mux_Z_out[3]
    SLICE_X162Y184       LUT4 (Prop_lut4_I0_O)        0.045     2.192 r  OPMODE_REG/Q[3]_i_5__0/O
                         net (fo=1, routed)           0.000     2.192    OPMODE_REG/Q[3]_i_5__0_n_0
    SLICE_X162Y184       CARRY4 (Prop_carry4_S[3]_O[3])
                                                      0.064     2.256 r  OPMODE_REG/Q_reg[3]_i_1/O[3]
                         net (fo=1, routed)           0.000     2.256    P_REG/D[3]
    SLICE_X162Y184       FDRE                                         r  P_REG/Q_reg[3]/D
  -------------------------------------------------------------------    -------------------

                         (clock sys_clk_pin rise edge)
                                                      0.000     0.000 r  
    W5                                                0.000     0.000 r  clk (IN)
                         net (fo=0)                   0.000     0.000    clk
    W5                   IBUF (Prop_ibuf_I_O)         0.479     0.479 r  clk_IBUF_inst/O
                         net (fo=1, routed)           0.734     1.213    clk_IBUF
    BUFGCTRL_X0Y0        BUFG (Prop_bufg_I_O)         0.029     1.242 r  clk_IBUF_BUFG_inst/O
                         net (fo=179, routed)         0.912     2.154    P_REG/clk
    SLICE_X162Y184       FDRE                                         r  P_REG/Q_reg[3]/C
                         clock pessimism             -0.483     1.671    
    SLICE_X162Y184       FDRE (Hold_fdre_C_D)         0.134     1.805    P_REG/Q_reg[3]
  -------------------------------------------------------------------
                         required time                         -1.805    
                         arrival time                           2.256    
  -------------------------------------------------------------------
                         slack                                  0.451    

Slack (MET) :             0.461ns  (arrival time - required time)
  Source:                 OPMODE_REG/Q_reg[7]/C
                            (rising edge-triggered cell FDRE clocked by sys_clk_pin  {rise@0.000ns fall@5.000ns period=10.000ns})
  Destination:            P_REG/Q_reg[11]/D
                            (rising edge-triggered cell FDRE clocked by sys_clk_pin  {rise@0.000ns fall@5.000ns period=10.000ns})
  Path Group:             sys_clk_pin
  Path Type:              Hold (Min at Fast Process Corner)
  Requirement:            0.000ns  (sys_clk_pin rise@0.000ns - sys_clk_pin rise@0.000ns)
  Data Path Delay:        0.634ns  (logic 0.290ns (45.767%)  route 0.344ns (54.233%))
  Logic Levels:           2  (CARRY4=1 LUT4=1)
  Clock Path Skew:        0.039ns (DCD - SCD - CPR)
    Destination Clock Delay (DCD):    2.155ns
    Source Clock Delay      (SCD):    1.633ns
    Clock Pessimism Removal (CPR):    0.483ns

    Location             Delay type                Incr(ns)  Path(ns)    Netlist Resource(s)
  -------------------------------------------------------------------    -------------------
                         (clock sys_clk_pin rise edge)
                                                      0.000     0.000 r  
    W5                                                0.000     0.000 r  clk (IN)
                         net (fo=0)                   0.000     0.000    clk
    W5                   IBUF (Prop_ibuf_I_O)         0.291     0.291 r  clk_IBUF_inst/O
                         net (fo=1, routed)           0.676     0.967    clk_IBUF
    BUFGCTRL_X0Y0        BUFG (Prop_bufg_I_O)         0.026     0.993 r  clk_IBUF_BUFG_inst/O
                         net (fo=179, routed)         0.641     1.633    OPMODE_REG/clk
    SLICE_X156Y184       FDRE                                         r  OPMODE_REG/Q_reg[7]/C
  -------------------------------------------------------------------    -------------------
    SLICE_X156Y184       FDRE (Prop_fdre_C_Q)         0.128     1.761 r  OPMODE_REG/Q_reg[7]/Q
                         net (fo=95, routed)          0.344     2.105    OPMODE_REG/p_0_in
    SLICE_X162Y186       LUT4 (Prop_lut4_I1_O)        0.098     2.203 r  OPMODE_REG/Q[11]_i_6__0/O
                         net (fo=1, routed)           0.000     2.203    OPMODE_REG/Q[11]_i_6__0_n_0
    SLICE_X162Y186       CARRY4 (Prop_carry4_S[3]_O[3])
                                                      0.064     2.267 r  OPMODE_REG/Q_reg[11]_i_1/O[3]
                         net (fo=1, routed)           0.000     2.267    P_REG/D[11]
    SLICE_X162Y186       FDRE                                         r  P_REG/Q_reg[11]/D
  -------------------------------------------------------------------    -------------------

                         (clock sys_clk_pin rise edge)
                                                      0.000     0.000 r  
    W5                                                0.000     0.000 r  clk (IN)
                         net (fo=0)                   0.000     0.000    clk
    W5                   IBUF (Prop_ibuf_I_O)         0.479     0.479 r  clk_IBUF_inst/O
                         net (fo=1, routed)           0.734     1.213    clk_IBUF
    BUFGCTRL_X0Y0        BUFG (Prop_bufg_I_O)         0.029     1.242 r  clk_IBUF_BUFG_inst/O
                         net (fo=179, routed)         0.913     2.155    P_REG/clk
    SLICE_X162Y186       FDRE                                         r  P_REG/Q_reg[11]/C
                         clock pessimism             -0.483     1.672    
    SLICE_X162Y186       FDRE (Hold_fdre_C_D)         0.134     1.806    P_REG/Q_reg[11]
  -------------------------------------------------------------------
                         required time                         -1.806    
                         arrival time                           2.267    
  -------------------------------------------------------------------
                         slack                                  0.461    

Slack (MET) :             0.462ns  (arrival time - required time)
  Source:                 C0_REG/Q_reg[27]/C
                            (rising edge-triggered cell FDRE clocked by sys_clk_pin  {rise@0.000ns fall@5.000ns period=10.000ns})
  Destination:            P_REG/Q_reg[27]/D
                            (rising edge-triggered cell FDRE clocked by sys_clk_pin  {rise@0.000ns fall@5.000ns period=10.000ns})
  Path Group:             sys_clk_pin
  Path Type:              Hold (Min at Fast Process Corner)
  Requirement:            0.000ns  (sys_clk_pin rise@0.000ns - sys_clk_pin rise@0.000ns)
  Data Path Delay:        0.637ns  (logic 0.295ns (46.304%)  route 0.342ns (53.696%))
  Logic Levels:           3  (CARRY4=1 LUT4=1 LUT5=1)
  Clock Path Skew:        0.041ns (DCD - SCD - CPR)
    Destination Clock Delay (DCD):    2.159ns
    Source Clock Delay      (SCD):    1.635ns
    Clock Pessimism Removal (CPR):    0.483ns

    Location             Delay type                Incr(ns)  Path(ns)    Netlist Resource(s)
  -------------------------------------------------------------------    -------------------
                         (clock sys_clk_pin rise edge)
                                                      0.000     0.000 r  
    W5                                                0.000     0.000 r  clk (IN)
                         net (fo=0)                   0.000     0.000    clk
    W5                   IBUF (Prop_ibuf_I_O)         0.291     0.291 r  clk_IBUF_inst/O
                         net (fo=1, routed)           0.676     0.967    clk_IBUF
    BUFGCTRL_X0Y0        BUFG (Prop_bufg_I_O)         0.026     0.993 r  clk_IBUF_BUFG_inst/O
                         net (fo=179, routed)         0.643     1.635    C0_REG/clk
    SLICE_X156Y188       FDRE                                         r  C0_REG/Q_reg[27]/C
  -------------------------------------------------------------------    -------------------
    SLICE_X156Y188       FDRE (Prop_fdre_C_Q)         0.141     1.776 r  C0_REG/Q_reg[27]/Q
                         net (fo=1, routed)           0.154     1.930    OPMODE_REG/Q_reg[47][27]
    SLICE_X163Y188       LUT5 (Prop_lut5_I0_O)        0.045     1.975 r  OPMODE_REG/Q[31]_i_13/O
                         net (fo=2, routed)           0.189     2.163    OPMODE_REG/mux_Z_out[27]
    SLICE_X162Y190       LUT4 (Prop_lut4_I0_O)        0.045     2.208 r  OPMODE_REG/Q[27]_i_6/O
                         net (fo=1, routed)           0.000     2.208    OPMODE_REG/Q[27]_i_6_n_0
    SLICE_X162Y190       CARRY4 (Prop_carry4_S[3]_O[3])
                                                      0.064     2.272 r  OPMODE_REG/Q_reg[27]_i_1/O[3]
                         net (fo=1, routed)           0.000     2.272    P_REG/D[27]
    SLICE_X162Y190       FDRE                                         r  P_REG/Q_reg[27]/D
  -------------------------------------------------------------------    -------------------

                         (clock sys_clk_pin rise edge)
                                                      0.000     0.000 r  
    W5                                                0.000     0.000 r  clk (IN)
                         net (fo=0)                   0.000     0.000    clk
    W5                   IBUF (Prop_ibuf_I_O)         0.479     0.479 r  clk_IBUF_inst/O
                         net (fo=1, routed)           0.734     1.213    clk_IBUF
    BUFGCTRL_X0Y0        BUFG (Prop_bufg_I_O)         0.029     1.242 r  clk_IBUF_BUFG_inst/O
                         net (fo=179, routed)         0.917     2.159    P_REG/clk
    SLICE_X162Y190       FDRE                                         r  P_REG/Q_reg[27]/C
                         clock pessimism             -0.483     1.676    
    SLICE_X162Y190       FDRE (Hold_fdre_C_D)         0.134     1.810    P_REG/Q_reg[27]
  -------------------------------------------------------------------
                         required time                         -1.810    
                         arrival time                           2.272    
  -------------------------------------------------------------------
                         slack                                  0.462    

Slack (MET) :             0.481ns  (arrival time - required time)
  Source:                 OPMODE_REG/Q_reg[7]/C
                            (rising edge-triggered cell FDRE clocked by sys_clk_pin  {rise@0.000ns fall@5.000ns period=10.000ns})
  Destination:            P_REG/Q_reg[6]/D
                            (rising edge-triggered cell FDRE clocked by sys_clk_pin  {rise@0.000ns fall@5.000ns period=10.000ns})
  Path Group:             sys_clk_pin
  Path Type:              Hold (Min at Fast Process Corner)
  Requirement:            0.000ns  (sys_clk_pin rise@0.000ns - sys_clk_pin rise@0.000ns)
  Data Path Delay:        0.654ns  (logic 0.291ns (44.525%)  route 0.363ns (55.475%))
  Logic Levels:           2  (CARRY4=1 LUT4=1)
  Clock Path Skew:        0.039ns (DCD - SCD - CPR)
    Destination Clock Delay (DCD):    2.155ns
    Source Clock Delay      (SCD):    1.633ns
    Clock Pessimism Removal (CPR):    0.483ns

    Location             Delay type                Incr(ns)  Path(ns)    Netlist Resource(s)
  -------------------------------------------------------------------    -------------------
                         (clock sys_clk_pin rise edge)
                                                      0.000     0.000 r  
    W5                                                0.000     0.000 r  clk (IN)
                         net (fo=0)                   0.000     0.000    clk
    W5                   IBUF (Prop_ibuf_I_O)         0.291     0.291 r  clk_IBUF_inst/O
                         net (fo=1, routed)           0.676     0.967    clk_IBUF
    BUFGCTRL_X0Y0        BUFG (Prop_bufg_I_O)         0.026     0.993 r  clk_IBUF_BUFG_inst/O
                         net (fo=179, routed)         0.641     1.633    OPMODE_REG/clk
    SLICE_X156Y184       FDRE                                         r  OPMODE_REG/Q_reg[7]/C
  -------------------------------------------------------------------    -------------------
    SLICE_X156Y184       FDRE (Prop_fdre_C_Q)         0.128     1.761 r  OPMODE_REG/Q_reg[7]/Q
                         net (fo=95, routed)          0.363     2.124    OPMODE_REG/p_0_in
    SLICE_X162Y185       LUT4 (Prop_lut4_I1_O)        0.098     2.222 r  OPMODE_REG/Q[7]_i_7/O
                         net (fo=1, routed)           0.000     2.222    OPMODE_REG/Q[7]_i_7_n_0
    SLICE_X162Y185       CARRY4 (Prop_carry4_S[2]_O[2])
                                                      0.065     2.287 r  OPMODE_REG/Q_reg[7]_i_1/O[2]
                         net (fo=1, routed)           0.000     2.287    P_REG/D[6]
    SLICE_X162Y185       FDRE                                         r  P_REG/Q_reg[6]/D
  -------------------------------------------------------------------    -------------------

                         (clock sys_clk_pin rise edge)
                                                      0.000     0.000 r  
    W5                                                0.000     0.000 r  clk (IN)
                         net (fo=0)                   0.000     0.000    clk
    W5                   IBUF (Prop_ibuf_I_O)         0.479     0.479 r  clk_IBUF_inst/O
                         net (fo=1, routed)           0.734     1.213    clk_IBUF
    BUFGCTRL_X0Y0        BUFG (Prop_bufg_I_O)         0.029     1.242 r  clk_IBUF_BUFG_inst/O
                         net (fo=179, routed)         0.913     2.155    P_REG/clk
    SLICE_X162Y185       FDRE                                         r  P_REG/Q_reg[6]/C
                         clock pessimism             -0.483     1.672    
    SLICE_X162Y185       FDRE (Hold_fdre_C_D)         0.134     1.806    P_REG/Q_reg[6]
  -------------------------------------------------------------------
                         required time                         -1.806    
                         arrival time                           2.287    
  -------------------------------------------------------------------
                         slack                                  0.481    

Slack (MET) :             0.498ns  (arrival time - required time)
  Source:                 C0_REG/Q_reg[19]/C
                            (rising edge-triggered cell FDRE clocked by sys_clk_pin  {rise@0.000ns fall@5.000ns period=10.000ns})
  Destination:            P_REG/Q_reg[19]/D
                            (rising edge-triggered cell FDRE clocked by sys_clk_pin  {rise@0.000ns fall@5.000ns period=10.000ns})
  Path Group:             sys_clk_pin
  Path Type:              Hold (Min at Fast Process Corner)
  Requirement:            0.000ns  (sys_clk_pin rise@0.000ns - sys_clk_pin rise@0.000ns)
  Data Path Delay:        0.674ns  (logic 0.295ns (43.762%)  route 0.379ns (56.238%))
  Logic Levels:           3  (CARRY4=1 LUT4=1 LUT5=1)
  Clock Path Skew:        0.042ns (DCD - SCD - CPR)
    Destination Clock Delay (DCD):    2.158ns
    Source Clock Delay      (SCD):    1.633ns
    Clock Pessimism Removal (CPR):    0.483ns

    Location             Delay type                Incr(ns)  Path(ns)    Netlist Resource(s)
  -------------------------------------------------------------------    -------------------
                         (clock sys_clk_pin rise edge)
                                                      0.000     0.000 r  
    W5                                                0.000     0.000 r  clk (IN)
                         net (fo=0)                   0.000     0.000    clk
    W5                   IBUF (Prop_ibuf_I_O)         0.291     0.291 r  clk_IBUF_inst/O
                         net (fo=1, routed)           0.676     0.967    clk_IBUF
    BUFGCTRL_X0Y0        BUFG (Prop_bufg_I_O)         0.026     0.993 r  clk_IBUF_BUFG_inst/O
                         net (fo=179, routed)         0.641     1.633    C0_REG/clk
    SLICE_X156Y186       FDRE                                         r  C0_REG/Q_reg[19]/C
  -------------------------------------------------------------------    -------------------
    SLICE_X156Y186       FDRE (Prop_fdre_C_Q)         0.141     1.774 r  C0_REG/Q_reg[19]/Q
                         net (fo=1, routed)           0.187     1.961    OPMODE_REG/Q_reg[47][19]
    SLICE_X163Y186       LUT5 (Prop_lut5_I0_O)        0.045     2.006 r  OPMODE_REG/Q[23]_i_13/O
                         net (fo=2, routed)           0.193     2.198    OPMODE_REG/mux_Z_out[19]
    SLICE_X162Y188       LUT4 (Prop_lut4_I0_O)        0.045     2.243 r  OPMODE_REG/Q[19]_i_6/O
                         net (fo=1, routed)           0.000     2.243    OPMODE_REG/Q[19]_i_6_n_0
    SLICE_X162Y188       CARRY4 (Prop_carry4_S[3]_O[3])
                                                      0.064     2.307 r  OPMODE_REG/Q_reg[19]_i_1/O[3]
                         net (fo=1, routed)           0.000     2.307    P_REG/D[19]
    SLICE_X162Y188       FDRE                                         r  P_REG/Q_reg[19]/D
  -------------------------------------------------------------------    -------------------

                         (clock sys_clk_pin rise edge)
                                                      0.000     0.000 r  
    W5                                                0.000     0.000 r  clk (IN)
                         net (fo=0)                   0.000     0.000    clk
    W5                   IBUF (Prop_ibuf_I_O)         0.479     0.479 r  clk_IBUF_inst/O
                         net (fo=1, routed)           0.734     1.213    clk_IBUF
    BUFGCTRL_X0Y0        BUFG (Prop_bufg_I_O)         0.029     1.242 r  clk_IBUF_BUFG_inst/O
                         net (fo=179, routed)         0.916     2.158    P_REG/clk
    SLICE_X162Y188       FDRE                                         r  P_REG/Q_reg[19]/C
                         clock pessimism             -0.483     1.675    
    SLICE_X162Y188       FDRE (Hold_fdre_C_D)         0.134     1.809    P_REG/Q_reg[19]
  -------------------------------------------------------------------
                         required time                         -1.809    
                         arrival time                           2.307    
  -------------------------------------------------------------------
                         slack                                  0.498    

Slack (MET) :             0.506ns  (arrival time - required time)
  Source:                 C0_REG/Q_reg[13]/C
                            (rising edge-triggered cell FDRE clocked by sys_clk_pin  {rise@0.000ns fall@5.000ns period=10.000ns})
  Destination:            P_REG/Q_reg[13]/D
                            (rising edge-triggered cell FDRE clocked by sys_clk_pin  {rise@0.000ns fall@5.000ns period=10.000ns})
  Path Group:             sys_clk_pin
  Path Type:              Hold (Min at Fast Process Corner)
  Requirement:            0.000ns  (sys_clk_pin rise@0.000ns - sys_clk_pin rise@0.000ns)
  Data Path Delay:        0.680ns  (logic 0.297ns (43.648%)  route 0.383ns (56.352%))
  Logic Levels:           3  (CARRY4=1 LUT4=1 LUT5=1)
  Clock Path Skew:        0.040ns (DCD - SCD - CPR)
    Destination Clock Delay (DCD):    2.156ns
    Source Clock Delay      (SCD):    1.633ns
    Clock Pessimism Removal (CPR):    0.483ns

    Location             Delay type                Incr(ns)  Path(ns)    Netlist Resource(s)
  -------------------------------------------------------------------    -------------------
                         (clock sys_clk_pin rise edge)
                                                      0.000     0.000 r  
    W5                                                0.000     0.000 r  clk (IN)
                         net (fo=0)                   0.000     0.000    clk
    W5                   IBUF (Prop_ibuf_I_O)         0.291     0.291 r  clk_IBUF_inst/O
                         net (fo=1, routed)           0.676     0.967    clk_IBUF
    BUFGCTRL_X0Y0        BUFG (Prop_bufg_I_O)         0.026     0.993 r  clk_IBUF_BUFG_inst/O
                         net (fo=179, routed)         0.641     1.633    C0_REG/clk
    SLICE_X157Y184       FDRE                                         r  C0_REG/Q_reg[13]/C
  -------------------------------------------------------------------    -------------------
    SLICE_X157Y184       FDRE (Prop_fdre_C_Q)         0.141     1.774 r  C0_REG/Q_reg[13]/Q
                         net (fo=1, routed)           0.184     1.958    OPMODE_REG/Q_reg[47][13]
    SLICE_X163Y184       LUT5 (Prop_lut5_I0_O)        0.045     2.003 r  OPMODE_REG/Q[15]_i_11/O
                         net (fo=2, routed)           0.200     2.203    OPMODE_REG/mux_Z_out[13]
    SLICE_X162Y187       LUT4 (Prop_lut4_I0_O)        0.045     2.248 r  OPMODE_REG/Q[15]_i_8/O
                         net (fo=1, routed)           0.000     2.248    OPMODE_REG/Q[15]_i_8_n_0
    SLICE_X162Y187       CARRY4 (Prop_carry4_S[1]_O[1])
                                                      0.066     2.314 r  OPMODE_REG/Q_reg[15]_i_1/O[1]
                         net (fo=1, routed)           0.000     2.314    P_REG/D[13]
    SLICE_X162Y187       FDRE                                         r  P_REG/Q_reg[13]/D
  -------------------------------------------------------------------    -------------------

                         (clock sys_clk_pin rise edge)
                                                      0.000     0.000 r  
    W5                                                0.000     0.000 r  clk (IN)
                         net (fo=0)                   0.000     0.000    clk
    W5                   IBUF (Prop_ibuf_I_O)         0.479     0.479 r  clk_IBUF_inst/O
                         net (fo=1, routed)           0.734     1.213    clk_IBUF
    BUFGCTRL_X0Y0        BUFG (Prop_bufg_I_O)         0.029     1.242 r  clk_IBUF_BUFG_inst/O
                         net (fo=179, routed)         0.914     2.156    P_REG/clk
    SLICE_X162Y187       FDRE                                         r  P_REG/Q_reg[13]/C
                         clock pessimism             -0.483     1.673    
    SLICE_X162Y187       FDRE (Hold_fdre_C_D)         0.134     1.807    P_REG/Q_reg[13]
  -------------------------------------------------------------------
                         required time                         -1.807    
                         arrival time                           2.314    
  -------------------------------------------------------------------
                         slack                                  0.506    





Pulse Width Checks
--------------------------------------------------------------------------------------
Clock Name:         sys_clk_pin
Waveform(ns):       { 0.000 5.000 }
Period(ns):         10.000
Sources:            { clk }

Check Type        Corner  Lib Pin      Reference Pin  Required(ns)  Actual(ns)  Slack(ns)  Location        Pin
Min Period        n/a     DSP48E1/CLK  n/a            2.863         10.000      7.137      DSP48_X8Y76     M_REG/Q_reg/CLK
Min Period        n/a     BUFG/I       n/a            1.592         10.000      8.408      BUFGCTRL_X0Y0   clk_IBUF_BUFG_inst/I
Min Period        n/a     FDRE/C       n/a            1.000         10.000      9.000      SLICE_X158Y188  A1_REG/Q_reg[0]/C
Min Period        n/a     FDRE/C       n/a            1.000         10.000      9.000      SLICE_X156Y191  A1_REG/Q_reg[10]/C
Min Period        n/a     FDRE/C       n/a            1.000         10.000      9.000      SLICE_X157Y191  A1_REG/Q_reg[11]/C
Min Period        n/a     FDRE/C       n/a            1.000         10.000      9.000      SLICE_X152Y191  A1_REG/Q_reg[12]/C
Min Period        n/a     FDRE/C       n/a            1.000         10.000      9.000      SLICE_X152Y191  A1_REG/Q_reg[13]/C
Min Period        n/a     FDRE/C       n/a            1.000         10.000      9.000      SLICE_X161Y193  A1_REG/Q_reg[14]/C
Min Period        n/a     FDRE/C       n/a            1.000         10.000      9.000      SLICE_X161Y193  A1_REG/Q_reg[15]/C
Min Period        n/a     FDRE/C       n/a            1.000         10.000      9.000      SLICE_X161Y193  A1_REG/Q_reg[16]/C
Low Pulse Width   Slow    FDRE/C       n/a            0.500         5.000       4.500      SLICE_X157Y181  C0_REG/Q_reg[0]/C
Low Pulse Width   Slow    FDRE/C       n/a            0.500         5.000       4.500      SLICE_X156Y181  C0_REG/Q_reg[2]/C
Low Pulse Width   Slow    FDRE/C       n/a            0.500         5.000       4.500      SLICE_X156Y181  C0_REG/Q_reg[4]/C
Low Pulse Width   Slow    FDRE/C       n/a            0.500         5.000       4.500      SLICE_X156Y181  C0_REG/Q_reg[5]/C
Low Pulse Width   Slow    FDRE/C       n/a            0.500         5.000       4.500      SLICE_X156Y181  C0_REG/Q_reg[8]/C
Low Pulse Width   Slow    FDRE/C       n/a            0.500         5.000       4.500      SLICE_X156Y191  A1_REG/Q_reg[10]/C
Low Pulse Width   Slow    FDRE/C       n/a            0.500         5.000       4.500      SLICE_X157Y191  A1_REG/Q_reg[11]/C
Low Pulse Width   Slow    FDRE/C       n/a            0.500         5.000       4.500      SLICE_X156Y190  A1_REG/Q_reg[7]/C
Low Pulse Width   Slow    FDRE/C       n/a            0.500         5.000       4.500      SLICE_X156Y190  A1_REG/Q_reg[8]/C
Low Pulse Width   Slow    FDRE/C       n/a            0.500         5.000       4.500      SLICE_X156Y190  A1_REG/Q_reg[9]/C
High Pulse Width  Fast    FDRE/C       n/a            0.500         5.000       4.500      SLICE_X156Y191  A1_REG/Q_reg[10]/C
High Pulse Width  Fast    FDRE/C       n/a            0.500         5.000       4.500      SLICE_X157Y191  A1_REG/Q_reg[11]/C
High Pulse Width  Fast    FDRE/C       n/a            0.500         5.000       4.500      SLICE_X152Y189  A1_REG/Q_reg[2]/C
High Pulse Width  Fast    FDRE/C       n/a            0.500         5.000       4.500      SLICE_X152Y189  A1_REG/Q_reg[3]/C
High Pulse Width  Fast    FDRE/C       n/a            0.500         5.000       4.500      SLICE_X152Y189  A1_REG/Q_reg[4]/C
High Pulse Width  Fast    FDRE/C       n/a            0.500         5.000       4.500      SLICE_X152Y189  A1_REG/Q_reg[5]/C
High Pulse Width  Fast    FDRE/C       n/a            0.500         5.000       4.500      SLICE_X156Y190  A1_REG/Q_reg[7]/C
High Pulse Width  Fast    FDRE/C       n/a            0.500         5.000       4.500      SLICE_X156Y190  A1_REG/Q_reg[8]/C
High Pulse Width  Fast    FDRE/C       n/a            0.500         5.000       4.500      SLICE_X156Y190  A1_REG/Q_reg[9]/C
High Pulse Width  Fast    FDRE/C       n/a            0.500         5.000       4.500      SLICE_X156Y185  B1_REG/Q_reg[0]/C



